,ts_code,trade_date,pre_close,pre_settle,open,high,low,close,settle,change1,change2,vol,amount,oi,oi_chg,shift_close,numerator,abs_change,denominator,er
0,LHL.DCE,20230511,14690.0,14635.0,15595.0,15595.0,14255.0,14685.0,14705.0,50.0,70.0,18.0,423.53,57.0,,,,,,
1,LHL.DCE,20230510,14700.0,14665.0,14780.0,14780.0,14500.0,14690.0,14635.0,25.0,-30.0,21.0,491.79,64.0,,,,5.0,,
2,LHL.DCE,20230509,14615.0,14575.0,14680.0,14730.0,14535.0,14700.0,14665.0,125.0,90.0,15.0,352.06,78.0,,,,10.0,,
3,LHL.DCE,20230508,14440.0,14390.0,14490.0,14620.0,14490.0,14615.0,14575.0,225.0,185.0,16.0,373.14,85.0,,,,85.0,,
4,LHL.DCE,20230505,14170.0,14130.0,14450.0,14450.0,14285.0,14440.0,14390.0,310.0,260.0,12.0,276.32,109.0,,,,175.0,,
5,LHL.DCE,20230504,14490.0,14490.0,14490.0,14490.0,14005.0,14170.0,14130.0,-320.0,-360.0,126.0,2848.73,116.0,,,,270.0,,
6,LHL.DCE,20230428,14500.0,14475.0,14580.0,14580.0,14450.0,14490.0,14490.0,15.0,15.0,3782.0,87690.13,209.0,,,,320.0,,
7,LHL.DCE,20230427,14500.0,14630.0,14465.0,14550.0,14390.0,14500.0,14475.0,-130.0,-155.0,3612.0,83670.19,3539.0,,,,10.0,,
8,LHL.DCE,20230426,14725.0,14965.0,14720.0,14730.0,14485.0,14500.0,14630.0,-465.0,-335.0,4032.0,94408.86,5966.0,,,,0.0,,
9,LHL.DCE,20230425,15360.0,15355.0,15400.0,15410.0,14720.0,14725.0,14965.0,-630.0,-390.0,4123.0,98723.97,8448.0,,,,225.0,,
10,LHL.DCE,20230424,15120.0,15120.0,15435.0,15515.0,15245.0,15360.0,15355.0,240.0,235.0,4452.0,109401.01,10194.0,,14685.0,675.0,635.0,1735.0,0.38904899135446686
11,LHL.DCE,20230421,14950.0,14960.0,15000.0,15220.0,15000.0,15120.0,15120.0,160.0,160.0,5165.0,124984.74,12634.0,,14690.0,430.0,240.0,1970.0,0.2182741116751269
12,LHL.DCE,20230420,15060.0,14975.0,15005.0,15025.0,14905.0,14950.0,14960.0,-25.0,-15.0,3369.0,80647.75,14972.0,,14700.0,250.0,170.0,2130.0,0.11737089201877934
13,LHL.DCE,20230419,14890.0,14875.0,14945.0,15140.0,14830.0,15060.0,14975.0,185.0,100.0,7482.0,179321.09,16194.0,,14615.0,445.0,110.0,2155.0,0.20649651972157773
14,LHL.DCE,20230418,14770.0,14710.0,14900.0,14995.0,14750.0,14890.0,14875.0,180.0,165.0,7141.0,170007.3,18853.0,,14440.0,450.0,170.0,2150.0,0.20930232558139536
15,LHL.DCE,20230417,14645.0,14655.0,14600.0,14860.0,14570.0,14770.0,14710.0,115.0,55.0,9505.0,223781.07,21351.0,,14170.0,600.0,120.0,2000.0,0.3
16,LHL.DCE,20230414,14580.0,14635.0,14600.0,14745.0,14595.0,14645.0,14655.0,10.0,20.0,13740.0,322273.1,24152.0,,14490.0,155.0,125.0,1805.0,0.08587257617728532
17,LHL.DCE,20230413,14760.0,14770.0,14735.0,14770.0,14555.0,14580.0,14635.0,-190.0,-135.0,15443.0,361687.22,28793.0,,14500.0,80.0,65.0,1860.0,0.043010752688172046
18,LHL.DCE,20230412,14790.0,14800.0,14750.0,14845.0,14700.0,14760.0,14770.0,-40.0,-30.0,9507.0,224681.78,32041.0,,14500.0,260.0,180.0,2040.0,0.12745098039215685
19,LHL.DCE,20230411,14765.0,14770.0,14790.0,14880.0,14725.0,14790.0,14800.0,20.0,30.0,12563.0,297534.92,34331.0,,14725.0,65.0,30.0,1845.0,0.03523035230352303
20,LHL.DCE,20230410,14965.0,14975.0,14875.0,14920.0,14675.0,14765.0,14770.0,-210.0,-205.0,17675.0,417832.51,36677.0,,15360.0,595.0,25.0,1235.0,0.4817813765182186
21,LHL.DCE,20230407,14820.0,14835.0,14865.0,15070.0,14865.0,14965.0,14975.0,130.0,140.0,19854.0,475735.29,39066.0,,15120.0,155.0,200.0,1195.0,0.1297071129707113
22,LHL.DCE,20230406,14965.0,14950.0,14830.0,14915.0,14770.0,14820.0,14835.0,-130.0,-115.0,14099.0,334756.32,40224.0,,14950.0,130.0,145.0,1170.0,0.1111111111111111
23,LHL.DCE,20230404,14940.0,15120.0,14960.0,15030.0,14865.0,14965.0,14950.0,-155.0,-170.0,14586.0,348956.44,41556.0,,15060.0,95.0,145.0,1205.0,0.07883817427385892
24,LHL.DCE,20230403,15075.0,15140.0,15120.0,15275.0,14905.0,14940.0,15120.0,-200.0,-20.0,25248.0,610898.98,43240.0,,14890.0,50.0,25.0,1060.0,0.04716981132075472
25,LHL.DCE,20230331,15180.0,15155.0,15095.0,15220.0,15010.0,15075.0,15140.0,-80.0,-15.0,25581.0,619771.42,44087.0,,14770.0,305.0,135.0,1075.0,0.2837209302325581
26,LHL.DCE,20230330,15180.0,15260.0,15190.0,15240.0,15060.0,15180.0,15155.0,-80.0,-105.0,20777.0,503961.31,47635.0,,14645.0,535.0,105.0,1055.0,0.5071090047393365
27,LHL.DCE,20230329,13800.0,15505.0,15440.0,15515.0,15095.0,15180.0,15260.0,-325.0,-245.0,30342.0,740972.02,51691.0,,14580.0,600.0,0.0,990.0,0.6060606060606061
28,LHL.DCE,20230328,13800.0,13800.0,,,,13800.0,13800.0,0.0,0.0,0.0,0.0,0.0,,14760.0,960.0,1380.0,2190.0,0.4383561643835616
29,LHL.DCE,20230327,13800.0,13800.0,,,,13800.0,13800.0,0.0,0.0,0.0,0.0,0.0,,14790.0,990.0,0.0,2160.0,0.4583333333333333
30,LHL.DCE,20230324,13800.0,13800.0,,,,13800.0,13800.0,0.0,0.0,0.0,0.0,0.0,,14765.0,965.0,0.0,2135.0,0.4519906323185012
31,LHL.DCE,20230323,13800.0,13800.0,,,,13800.0,13800.0,0.0,0.0,0.0,0.0,0.0,,14965.0,1165.0,0.0,1935.0,0.6020671834625323
32,LHL.DCE,20230322,13800.0,13800.0,,,,13800.0,13800.0,0.0,0.0,0.0,0.0,0.0,,14820.0,1020.0,0.0,1790.0,0.5698324022346368
33,LHL.DCE,20230321,13800.0,13800.0,,,,13800.0,13800.0,0.0,0.0,0.0,0.0,0.0,,14965.0,1165.0,0.0,1645.0,0.7082066869300911
34,LHL.DCE,20230320,13800.0,13800.0,,,,13800.0,13800.0,0.0,0.0,0.0,0.0,6.0,,14940.0,1140.0,0.0,1620.0,0.7037037037037037
35,LHL.DCE,20230317,13800.0,13800.0,,,,13800.0,13800.0,0.0,0.0,0.0,0.0,13.0,,15075.0,1275.0,0.0,1485.0,0.8585858585858586
36,LHL.DCE,20230316,13800.0,13800.0,,,,13800.0,13800.0,0.0,0.0,0.0,0.0,23.0,,15180.0,1380.0,0.0,1380.0,1.0
37,LHL.DCE,20230315,13500.0,13500.0,13800.0,13800.0,13800.0,13800.0,13800.0,300.0,300.0,1.0,22.08,36.0,,15180.0,1380.0,0.0,1380.0,1.0
38,LHL.DCE,20230314,13500.0,13500.0,,,,13500.0,13500.0,0.0,0.0,0.0,0.0,37.0,,13800.0,300.0,300.0,300.0,1.0
39,LHL.DCE,20230313,13800.0,13800.0,13500.0,13500.0,13500.0,13500.0,13500.0,-300.0,-300.0,2.0,43.2,37.0,,13800.0,300.0,0.0,300.0,1.0
40,LHL.DCE,20230310,13800.0,13800.0,,,,13800.0,13800.0,0.0,0.0,0.0,0.0,39.0,,13800.0,0.0,300.0,600.0,0.0
41,LHL.DCE,20230309,14050.0,14050.0,13800.0,13800.0,13800.0,13800.0,13800.0,-250.0,-250.0,6.0,132.48,45.0,,13800.0,0.0,0.0,600.0,0.0
42,LHL.DCE,20230308,14010.0,14120.0,14050.0,14050.0,14050.0,14050.0,14050.0,-70.0,-70.0,52.0,1168.96,67.0,,13800.0,250.0,250.0,850.0,0.29411764705882354
43,LHL.DCE,20230307,14000.0,13960.0,13995.0,14950.0,13925.0,14010.0,14120.0,50.0,160.0,9.0,203.35,119.0,,13800.0,210.0,40.0,890.0,0.23595505617977527
44,LHL.DCE,20230306,14190.0,14195.0,13755.0,14030.0,13755.0,14000.0,13960.0,-195.0,-235.0,9.0,201.03,122.0,,13800.0,200.0,10.0,900.0,0.2222222222222222
45,LHL.DCE,20230303,14120.0,14030.0,14200.0,14200.0,14190.0,14190.0,14195.0,160.0,165.0,22.0,499.82,128.0,,13800.0,390.0,190.0,1090.0,0.3577981651376147
46,LHL.DCE,20230302,13905.0,14105.0,14000.0,14150.0,13900.0,14120.0,14030.0,15.0,-75.0,34.0,763.36,150.0,,13800.0,320.0,70.0,1160.0,0.27586206896551724
47,LHL.DCE,20230301,14580.0,14740.0,14550.0,14550.0,13900.0,13905.0,14105.0,-835.0,-635.0,526.0,11872.62,179.0,,13800.0,105.0,215.0,1375.0,0.07636363636363637
48,LHL.DCE,20230228,14910.0,14980.0,14920.0,14955.0,14505.0,14580.0,14740.0,-400.0,-240.0,5459.0,128780.34,564.0,,13500.0,1080.0,675.0,1750.0,0.6171428571428571
49,LHL.DCE,20230227,15135.0,15125.0,15210.0,15210.0,14855.0,14910.0,14980.0,-215.0,-145.0,4595.0,110136.68,4771.0,,13500.0,1410.0,330.0,2080.0,0.6778846153846154
50,LHL.DCE,20230224,15200.0,15250.0,15160.0,15255.0,15010.0,15135.0,15125.0,-115.0,-125.0,3056.0,73955.98,7651.0,,13800.0,1335.0,225.0,2005.0,0.6658354114713217
51,LHL.DCE,20230223,15410.0,15535.0,15380.0,15490.0,15065.0,15200.0,15250.0,-335.0,-285.0,4013.0,97925.72,8991.0,,13800.0,1400.0,65.0,2070.0,0.6763285024154589
52,LHL.DCE,20230222,15465.0,15275.0,15525.0,15635.0,15350.0,15410.0,15535.0,135.0,260.0,4756.0,118248.29,9726.0,,14050.0,1360.0,210.0,2030.0,0.6699507389162561
53,LHL.DCE,20230221,15070.0,15235.0,14885.0,15475.0,14885.0,15465.0,15275.0,230.0,40.0,5195.0,126972.05,11294.0,,14010.0,1455.0,55.0,2045.0,0.7114914425427873
54,LHL.DCE,20230220,15285.0,15035.0,15500.0,15580.0,14975.0,15070.0,15235.0,35.0,200.0,7007.0,170829.86,12651.0,,14000.0,1070.0,395.0,2430.0,0.4403292181069959
55,LHL.DCE,20230217,14730.0,14660.0,14815.0,15320.0,14730.0,15285.0,15035.0,625.0,375.0,11296.0,271790.9,13626.0,,14190.0,1095.0,215.0,2455.0,0.4460285132382892
56,LHL.DCE,20230216,14585.0,14545.0,14520.0,14755.0,14520.0,14730.0,14660.0,185.0,115.0,5785.0,135698.6,17657.0,,14120.0,610.0,555.0,2940.0,0.20748299319727892
57,LHL.DCE,20230215,14495.0,14660.0,14595.0,14625.0,14475.0,14585.0,14545.0,-75.0,-115.0,4954.0,115315.1,20281.0,,13905.0,680.0,145.0,2870.0,0.23693379790940766
58,LHL.DCE,20230214,14690.0,14695.0,14720.0,14885.0,14455.0,14495.0,14660.0,-200.0,-35.0,9046.0,212229.46,21970.0,,14580.0,85.0,90.0,2285.0,0.037199124726477024
59,LHL.DCE,20230213,14385.0,14415.0,14710.0,14885.0,14605.0,14690.0,14695.0,275.0,280.0,16793.0,394844.83,23605.0,,14910.0,220.0,195.0,2150.0,0.10232558139534884
60,LHL.DCE,20230210,14420.0,14365.0,14440.0,14545.0,14265.0,14385.0,14415.0,20.0,50.0,13721.0,316556.74,32344.0,,15135.0,750.0,305.0,2230.0,0.336322869955157
61,LHL.DCE,20230209,14325.0,14370.0,14325.0,14520.0,14225.0,14420.0,14365.0,50.0,-5.0,14689.0,337712.14,35919.0,,15200.0,780.0,35.0,2200.0,0.35454545454545455
62,LHL.DCE,20230208,14450.0,14530.0,14385.0,14505.0,14275.0,14325.0,14370.0,-205.0,-160.0,12880.0,296202.06,38697.0,,15410.0,1085.0,95.0,2085.0,0.5203836930455635
63,LHL.DCE,20230207,14540.0,14370.0,14510.0,14635.0,14430.0,14450.0,14530.0,80.0,160.0,16434.0,382114.42,40014.0,,15465.0,1015.0,125.0,2155.0,0.4709976798143852
64,LHL.DCE,20230206,14070.0,14155.0,14300.0,14600.0,14170.0,14540.0,14370.0,385.0,215.0,23963.0,551014.24,41060.0,,15070.0,530.0,90.0,1850.0,0.2864864864864865
65,LHL.DCE,20230203,14460.0,14535.0,14405.0,14415.0,14035.0,14070.0,14155.0,-465.0,-380.0,21184.0,479906.59,43605.0,,15285.0,1215.0,470.0,2105.0,0.5771971496437055
66,LHL.DCE,20230202,14495.0,14495.0,14495.0,14655.0,14415.0,14460.0,14535.0,-35.0,40.0,17394.0,404644.12,43875.0,,14730.0,270.0,390.0,1940.0,0.13917525773195877
67,LHL.DCE,20230201,14555.0,14520.0,14580.0,14670.0,14400.0,14495.0,14495.0,-25.0,-25.0,15111.0,350548.59,44764.0,,14585.0,90.0,35.0,1830.0,0.04918032786885246
68,LHL.DCE,20230131,14415.0,14515.0,14400.0,14600.0,14365.0,14555.0,14520.0,40.0,5.0,23359.0,542827.67,44800.0,,14495.0,60.0,60.0,1800.0,0.03333333333333333
69,LHL.DCE,20230130,15255.0,15205.0,14500.0,14650.0,14270.0,14415.0,14515.0,-790.0,-690.0,28863.0,670444.94,50201.0,,14690.0,275.0,140.0,1745.0,0.15759312320916904
70,LHL.DCE,20230120,13575.0,14975.0,14975.0,15395.0,14960.0,15255.0,15205.0,280.0,230.0,25525.0,621153.14,46955.0,,14385.0,870.0,840.0,2280.0,0.3815789473684211
71,LHL.DCE,20230119,12810.0,12810.0,,,,13575.0,13575.0,765.0,765.0,0.0,0.0,0.0,,14420.0,845.0,1680.0,3925.0,0.21528662420382166
72,LHL.DCE,20230118,12810.0,12810.0,,,,12810.0,12810.0,0.0,0.0,0.0,0.0,0.0,,14325.0,1515.0,765.0,4595.0,0.3297062023939064
73,LHL.DCE,20230117,12810.0,12810.0,,,,12810.0,12810.0,0.0,0.0,0.0,0.0,0.0,,14450.0,1640.0,0.0,4470.0,0.3668903803131991
74,LHL.DCE,20230116,12810.0,12810.0,,,,12810.0,12810.0,0.0,0.0,0.0,0.0,0.0,,14540.0,1730.0,0.0,4380.0,0.3949771689497717
75,LHL.DCE,20230113,12810.0,12810.0,,,,12810.0,12810.0,0.0,0.0,0.0,0.0,0.0,,14070.0,1260.0,0.0,3910.0,0.32225063938618925
76,LHL.DCE,20230112,12810.0,12810.0,,,,12810.0,12810.0,0.0,0.0,0.0,0.0,0.0,,14460.0,1650.0,0.0,3520.0,0.46875
77,LHL.DCE,20230111,14190.0,13920.0,,,,12810.0,12810.0,-1110.0,-1110.0,0.0,0.0,0.0,,14495.0,1685.0,0.0,3485.0,0.4835007173601148
78,LHL.DCE,20230110,13420.0,13420.0,14095.0,14190.0,13700.0,14190.0,13920.0,770.0,500.0,4.0,89.1,0.0,,14555.0,365.0,1380.0,4805.0,0.07596253902185224
79,LHL.DCE,20230109,13230.0,13420.0,,,,13420.0,13420.0,0.0,0.0,0.0,0.0,7.0,,14415.0,995.0,770.0,5435.0,0.18307267709291627
80,LHL.DCE,20230106,14495.0,14380.0,14500.0,14500.0,13230.0,13230.0,13420.0,-1150.0,-960.0,9.0,193.31,7.0,,15255.0,2025.0,190.0,4785.0,0.4231974921630094
81,LHL.DCE,20230105,13995.0,14095.0,14390.0,14500.0,13800.0,14495.0,14380.0,400.0,285.0,19.0,437.15,8.0,,13575.0,920.0,1265.0,4370.0,0.21052631578947367
82,LHL.DCE,20230104,14100.0,14365.0,13795.0,14495.0,13735.0,13995.0,14095.0,-370.0,-270.0,22.0,496.26,26.0,,12810.0,1185.0,500.0,4105.0,0.28867235079171744
83,LHL.DCE,20230103,15200.0,15020.0,14900.0,14950.0,13820.0,14100.0,14365.0,-920.0,-655.0,138.0,3172.56,48.0,,12810.0,1290.0,105.0,4210.0,0.30641330166270786
84,LHL.DCE,20221230,15335.0,15615.0,15080.0,15300.0,14930.0,15200.0,15020.0,-415.0,-595.0,3351.0,80548.36,144.0,,12810.0,2390.0,1100.0,5310.0,0.4500941619585687
85,LHL.DCE,20221229,16455.0,16495.0,16365.0,16395.0,15220.0,15335.0,15615.0,-1160.0,-880.0,3440.0,85959.72,2213.0,,12810.0,2525.0,135.0,5445.0,0.4637281910009183
86,LHL.DCE,20221228,16685.0,16615.0,16465.0,16690.0,16265.0,16455.0,16495.0,-160.0,-120.0,2237.0,59044.72,3107.0,,12810.0,3645.0,1120.0,6565.0,0.5552170601675552
87,LHL.DCE,20221227,16550.0,16420.0,16405.0,16830.0,16100.0,16685.0,16615.0,265.0,195.0,3599.0,95690.62,3768.0,,12810.0,3875.0,230.0,6795.0,0.5702722590139808
88,LHL.DCE,20221226,15170.0,15325.0,16155.0,16550.0,16115.0,16550.0,16420.0,1225.0,1095.0,5336.0,140206.68,4597.0,,14190.0,2360.0,135.0,5550.0,0.4252252252252252
89,LHL.DCE,20221223,15735.0,15290.0,15530.0,15650.0,15005.0,15170.0,15325.0,-120.0,35.0,5878.0,144142.52,6239.0,,13420.0,1750.0,1380.0,6160.0,0.2840909090909091
90,LHL.DCE,20221222,14965.0,14840.0,15000.0,15760.0,14895.0,15735.0,15290.0,895.0,450.0,7614.0,186296.31,6774.0,,13230.0,2505.0,565.0,6535.0,0.38332058148431525
91,LHL.DCE,20221221,14955.0,15070.0,14840.0,15060.0,14535.0,14965.0,14840.0,-105.0,-230.0,9809.0,232955.67,8501.0,,14495.0,470.0,770.0,6040.0,0.07781456953642384
92,LHL.DCE,20221220,15615.0,15750.0,15050.0,15430.0,14800.0,14955.0,15070.0,-795.0,-680.0,13125.0,316490.5,10299.0,,13995.0,960.0,10.0,5550.0,0.17297297297297298
93,LHL.DCE,20221219,16450.0,16970.0,16065.0,16260.0,15615.0,15615.0,15750.0,-1355.0,-1220.0,9426.0,237610.32,11441.0,,14100.0,1515.0,660.0,6105.0,0.24815724815724816
94,LHL.DCE,20221216,17850.0,17880.0,17720.0,17740.0,16450.0,16450.0,16970.0,-1430.0,-910.0,12804.0,347673.06,12594.0,,15200.0,1250.0,835.0,5840.0,0.21404109589041095
95,LHL.DCE,20221215,17860.0,17770.0,18000.0,18235.0,17700.0,17850.0,17880.0,80.0,110.0,8033.0,229871.26,14721.0,,15335.0,2515.0,1400.0,7105.0,0.35397607318789587
96,LHL.DCE,20221214,17745.0,17960.0,17600.0,17905.0,17600.0,17860.0,17770.0,-100.0,-190.0,12017.0,341730.5,17424.0,,16455.0,1405.0,10.0,5995.0,0.23436196830692244
97,LHL.DCE,20221213,17895.0,17970.0,18200.0,18300.0,17530.0,17745.0,17960.0,-225.0,-10.0,23949.0,688338.7,19348.0,,16685.0,1060.0,115.0,5880.0,0.18027210884353742
98,LHL.DCE,20221212,19000.0,19160.0,17650.0,18155.0,17650.0,17895.0,17970.0,-1265.0,-1190.0,26357.0,757939.27,23254.0,,16550.0,1345.0,150.0,5895.0,0.22815945716709077
99,LHL.DCE,20221209,19160.0,19485.0,19355.0,19470.0,18865.0,19000.0,19160.0,-485.0,-325.0,25150.0,771112.75,28200.0,,15170.0,3830.0,1105.0,5620.0,0.6814946619217082
100,LHL.DCE,20221208,20155.0,20420.0,19890.0,19900.0,19130.0,19160.0,19485.0,-1260.0,-935.0,27137.0,846051.02,30332.0,,15735.0,3425.0,160.0,5215.0,0.6567593480345159
101,LHL.DCE,20221207,20990.0,20955.0,20900.0,20900.0,20130.0,20155.0,20420.0,-800.0,-535.0,23716.0,774882.4,32287.0,,14965.0,5190.0,995.0,5440.0,0.9540441176470589
102,LHL.DCE,20221206,21055.0,21050.0,20900.0,21065.0,20835.0,20990.0,20955.0,-60.0,-95.0,10551.0,353819.81,32422.0,,14955.0,6035.0,835.0,6265.0,0.9632881085395052
103,LHL.DCE,20221205,21365.0,21090.0,21005.0,21260.0,20855.0,21055.0,21050.0,-35.0,-40.0,17595.0,592720.54,32882.0,,15615.0,5440.0,65.0,5670.0,0.9594356261022927
104,LHL.DCE,20221202,20795.0,20690.0,20775.0,21435.0,20720.0,21365.0,21090.0,675.0,400.0,21665.0,731079.74,33126.0,,16450.0,4915.0,310.0,5145.0,0.9552964042759962
105,LHL.DCE,20221201,20485.0,20485.0,20450.0,20845.0,20425.0,20795.0,20690.0,310.0,205.0,16393.0,542744.31,35283.0,,17850.0,2945.0,570.0,4315.0,0.6825028968713789
106,LHL.DCE,20221130,20515.0,20525.0,20490.0,20570.0,20405.0,20485.0,20485.0,-40.0,-40.0,10792.0,353729.45,36395.0,,17860.0,2625.0,310.0,4615.0,0.5687973997833152
107,LHL.DCE,20221129,20645.0,20570.0,20700.0,20740.0,20360.0,20515.0,20525.0,-55.0,-45.0,16068.0,527746.92,38077.0,,17745.0,2770.0,30.0,4530.0,0.6114790286975718
108,LHL.DCE,20221128,23220.0,20325.0,20455.0,20770.0,20360.0,20645.0,20570.0,320.0,245.0,23200.0,763584.39,39396.0,,17895.0,2750.0,130.0,4510.0,0.6097560975609756
109,LHL.DCE,20221125,22970.0,22970.0,,,,23220.0,23220.0,250.0,250.0,0.0,0.0,0.0,,19000.0,4220.0,2575.0,5980.0,0.705685618729097
110,LHL.DCE,20221124,22900.0,22970.0,,,,22970.0,22970.0,0.0,0.0,0.0,0.0,10.0,,19160.0,3810.0,250.0,6070.0,0.627677100494234
111,LHL.DCE,20221123,23200.0,23200.0,23000.0,23000.0,22900.0,22900.0,22970.0,-300.0,-230.0,7.0,257.28,20.0,,20155.0,2745.0,70.0,5145.0,0.5335276967930029
112,LHL.DCE,20221122,23230.0,23275.0,23210.0,23210.0,23200.0,23200.0,23200.0,-75.0,-75.0,46.0,1707.58,37.0,,20990.0,2210.0,300.0,4610.0,0.4793926247288503
113,LHL.DCE,20221121,23215.0,23215.0,23235.0,23545.0,23210.0,23230.0,23275.0,15.0,60.0,10.0,372.47,91.0,,21055.0,2175.0,30.0,4575.0,0.47540983606557374
114,LHL.DCE,20221118,23200.0,23200.0,23215.0,23215.0,23215.0,23215.0,23215.0,15.0,15.0,2.0,74.29,105.0,,21365.0,1850.0,15.0,4280.0,0.4322429906542056
115,LHL.DCE,20221117,23300.0,23235.0,23215.0,23215.0,23200.0,23200.0,23200.0,-35.0,-35.0,52.0,1930.31,107.0,,20795.0,2405.0,15.0,3725.0,0.6456375838926175
116,LHL.DCE,20221116,23220.0,23330.0,23310.0,23310.0,23200.0,23300.0,23235.0,-30.0,-95.0,36.0,1338.59,165.0,,20485.0,2815.0,100.0,3515.0,0.8008534850640113
117,LHL.DCE,20221115,23225.0,23235.0,23210.0,23400.0,23210.0,23220.0,23330.0,-15.0,95.0,18.0,671.95,206.0,,20515.0,2705.0,80.0,3565.0,0.758765778401122
118,LHL.DCE,20221114,23250.0,23245.0,23500.0,23500.0,23200.0,23225.0,23235.0,-20.0,-10.0,36.0,1338.45,229.0,,20645.0,2580.0,5.0,3440.0,0.75
119,LHL.DCE,20221111,23210.0,23250.0,23225.0,23780.0,23225.0,23250.0,23245.0,0.0,-5.0,54.0,2008.5,242.0,,23220.0,30.0,25.0,890.0,0.033707865168539325
120,LHL.DCE,20221110,23270.0,23570.0,23570.0,23570.0,23210.0,23210.0,23250.0,-360.0,-320.0,23.0,855.7,242.0,,22970.0,240.0,40.0,680.0,0.35294117647058826
121,LHL.DCE,20221109,24305.0,24350.0,24000.0,24000.0,23270.0,23270.0,23570.0,-1080.0,-780.0,11.0,414.91,243.0,,22900.0,370.0,60.0,670.0,0.5522388059701493
122,LHL.DCE,20221108,24700.0,24700.0,24400.0,24400.0,24305.0,24305.0,24350.0,-395.0,-350.0,2.0,77.93,251.0,,23200.0,1105.0,1035.0,1405.0,0.7864768683274022
123,LHL.DCE,20221107,25010.0,24855.0,24700.0,24700.0,24700.0,24700.0,24700.0,-155.0,-155.0,1.0,39.52,252.0,,23230.0,1470.0,395.0,1770.0,0.8305084745762712
124,LHL.DCE,20221104,24600.0,24430.0,24600.0,25105.0,24600.0,25010.0,24855.0,580.0,425.0,45.0,1789.62,253.0,,23215.0,1795.0,310.0,2065.0,0.8692493946731235
125,LHL.DCE,20221103,24550.0,24120.0,24500.0,24600.0,24125.0,24600.0,24430.0,480.0,310.0,30.0,1172.65,293.0,,23200.0,1400.0,410.0,2460.0,0.5691056910569106
126,LHL.DCE,20221102,23590.0,23315.0,23275.0,24645.0,23275.0,24550.0,24120.0,1235.0,805.0,27.0,1041.99,316.0,,23300.0,1250.0,50.0,2410.0,0.5186721991701245
127,LHL.DCE,20221101,23660.0,24045.0,23200.0,23780.0,23030.0,23590.0,23315.0,-455.0,-730.0,104.0,3880.3,330.0,,23220.0,370.0,960.0,3290.0,0.11246200607902736
128,LHL.DCE,20221031,23850.0,23800.0,24200.0,24475.0,23620.0,23660.0,24045.0,-140.0,245.0,1413.0,54365.64,376.0,,23225.0,435.0,70.0,3355.0,0.12965722801788376
129,LHL.DCE,20221028,24435.0,24595.0,24280.0,24290.0,23465.0,23850.0,23800.0,-745.0,-795.0,1334.0,50799.58,1157.0,,23250.0,600.0,190.0,3520.0,0.17045454545454544
130,LHL.DCE,20221027,24760.0,24880.0,24765.0,24930.0,24360.0,24435.0,24595.0,-445.0,-285.0,849.0,33410.0,1784.0,,23210.0,1225.0,585.0,4065.0,0.3013530135301353
131,LHL.DCE,20221026,25300.0,25105.0,25000.0,25105.0,24685.0,24760.0,24880.0,-345.0,-225.0,1098.0,43717.94,2009.0,,23270.0,1490.0,325.0,4330.0,0.3441108545034642
132,LHL.DCE,20221025,25050.0,25395.0,25000.0,25480.0,24725.0,25300.0,25105.0,-95.0,-290.0,1056.0,42425.13,2318.0,,24305.0,995.0,540.0,3835.0,0.25945241199478486
133,LHL.DCE,20221024,26180.0,26200.0,25900.0,25900.0,25005.0,25050.0,25395.0,-1150.0,-805.0,1973.0,80177.77,2491.0,,24700.0,350.0,250.0,3690.0,0.0948509485094851
134,LHL.DCE,20221021,26120.0,26250.0,26030.0,26400.0,25990.0,26180.0,26200.0,-70.0,-50.0,1419.0,59485.62,2929.0,,25010.0,1170.0,1130.0,4510.0,0.25942350332594233
135,LHL.DCE,20221020,26270.0,26540.0,26255.0,26550.0,25880.0,26120.0,26250.0,-420.0,-290.0,1916.0,80473.57,3256.0,,24600.0,1520.0,60.0,4160.0,0.36538461538461536
136,LHL.DCE,20221019,26950.0,26660.0,26920.0,26985.0,26200.0,26270.0,26540.0,-390.0,-120.0,2483.0,105457.22,3514.0,,24550.0,1720.0,150.0,4260.0,0.40375586854460094
137,LHL.DCE,20221018,26210.0,25925.0,26365.0,26950.0,26305.0,26950.0,26660.0,1025.0,735.0,1921.0,81950.68,4039.0,,23590.0,3360.0,680.0,3980.0,0.8442211055276382
138,LHL.DCE,20221017,26195.0,26065.0,25700.0,26250.0,25600.0,26210.0,25925.0,145.0,-140.0,2075.0,86078.32,4041.0,,23660.0,2550.0,740.0,4650.0,0.5483870967741935
139,LHL.DCE,20221014,26245.0,26265.0,26320.0,26395.0,25805.0,26195.0,26065.0,-70.0,-200.0,2780.0,115953.15,4364.0,,23850.0,2345.0,15.0,4475.0,0.524022346368715
140,LHL.DCE,20221013,25995.0,25995.0,26200.0,26450.0,26100.0,26245.0,26265.0,250.0,270.0,2325.0,97711.48,4763.0,,24435.0,1810.0,50.0,3940.0,0.4593908629441624
141,LHL.DCE,20221012,25635.0,25260.0,25655.0,26275.0,25655.0,25995.0,25995.0,735.0,735.0,3333.0,138637.22,5141.0,,24760.0,1235.0,250.0,3865.0,0.31953428201811124
142,LHL.DCE,20221011,24650.0,24600.0,24915.0,25880.0,24760.0,25635.0,25260.0,1035.0,660.0,4606.0,186167.18,5979.0,,25300.0,335.0,360.0,3685.0,0.09090909090909091
143,LHL.DCE,20221010,23035.0,22825.0,24645.0,24650.0,24405.0,24650.0,24600.0,1825.0,1775.0,2382.0,93771.37,6780.0,,25050.0,400.0,985.0,4420.0,0.09049773755656108
144,LHL.DCE,20220930,22855.0,22810.0,22845.0,23055.0,22720.0,23035.0,22825.0,225.0,15.0,3359.0,122691.5,7391.0,,26180.0,3145.0,1615.0,4905.0,0.6411824668705403
145,LHL.DCE,20220929,22760.0,22735.0,22895.0,22900.0,22740.0,22855.0,22810.0,120.0,75.0,1837.0,67052.29,8629.0,,26120.0,3265.0,180.0,5025.0,0.6497512437810945
146,LHL.DCE,20220928,23165.0,22360.0,22700.0,22885.0,22625.0,22760.0,22735.0,400.0,375.0,2256.0,82073.15,9399.0,,26270.0,3510.0,95.0,4970.0,0.7062374245472837
147,LHL.DCE,20220927,23500.0,23500.0,,,,23165.0,23165.0,-335.0,-335.0,0.0,0.0,0.0,,26950.0,3785.0,405.0,4695.0,0.8061767838125665
148,LHL.DCE,20220926,23500.0,23500.0,,,,23500.0,23500.0,0.0,0.0,0.0,0.0,0.0,,26210.0,2710.0,335.0,4290.0,0.6317016317016317
149,LHL.DCE,20220923,23500.0,23500.0,,,,23500.0,23500.0,0.0,0.0,0.0,0.0,0.0,,26195.0,2695.0,0.0,4275.0,0.6304093567251462
150,LHL.DCE,20220922,23500.0,23500.0,,,,23500.0,23500.0,0.0,0.0,0.0,0.0,0.0,,26245.0,2745.0,0.0,4225.0,0.6497041420118344
151,LHL.DCE,20220921,23300.0,23265.0,23500.0,23500.0,23500.0,23500.0,23500.0,235.0,235.0,1.0,37.6,0.0,,25995.0,2495.0,0.0,3975.0,0.6276729559748427
152,LHL.DCE,20220920,22820.0,23105.0,23200.0,23300.0,23200.0,23300.0,23265.0,195.0,160.0,41.0,1526.36,1.0,,25635.0,2335.0,200.0,3815.0,0.6120576671035387
153,LHL.DCE,20220919,22800.0,23080.0,22650.0,23400.0,22650.0,22820.0,23105.0,-260.0,25.0,24.0,887.31,43.0,,24650.0,1830.0,480.0,3310.0,0.552870090634441
154,LHL.DCE,20220916,23190.0,23060.0,22900.0,23255.0,22790.0,22800.0,23080.0,-260.0,20.0,11.0,406.28,64.0,,23035.0,235.0,20.0,1715.0,0.13702623906705538
155,LHL.DCE,20220915,23255.0,23070.0,22730.0,23190.0,22730.0,23190.0,23060.0,120.0,-10.0,10.0,368.96,75.0,,22855.0,335.0,390.0,1925.0,0.17402597402597403
156,LHL.DCE,20220914,22985.0,22700.0,22990.0,23255.0,22990.0,23255.0,23070.0,555.0,370.0,12.0,443.02,84.0,,22760.0,495.0,65.0,1895.0,0.2612137203166227
157,LHL.DCE,20220913,22745.0,22600.0,22300.0,22990.0,22300.0,22985.0,22700.0,385.0,100.0,25.0,908.03,96.0,,23165.0,180.0,270.0,1760.0,0.10227272727272728
158,LHL.DCE,20220909,22855.0,22845.0,22790.0,22795.0,22505.0,22745.0,22600.0,-100.0,-245.0,71.0,2567.51,102.0,,23500.0,755.0,240.0,1665.0,0.45345345345345345
159,LHL.DCE,20220908,22860.0,22845.0,22625.0,22890.0,22625.0,22855.0,22845.0,10.0,0.0,14.0,511.73,116.0,,23500.0,645.0,110.0,1775.0,0.36338028169014086
160,LHL.DCE,20220907,22870.0,22810.0,22850.0,22860.0,22800.0,22860.0,22845.0,50.0,35.0,13.0,475.23,126.0,,23500.0,640.0,5.0,1780.0,0.3595505617977528
161,LHL.DCE,20220906,22755.0,22380.0,22555.0,22905.0,22550.0,22870.0,22810.0,490.0,430.0,50.0,1824.97,134.0,,23500.0,630.0,10.0,1790.0,0.35195530726256985
162,LHL.DCE,20220905,22500.0,22455.0,22300.0,22755.0,22200.0,22755.0,22380.0,300.0,-75.0,75.0,2685.78,172.0,,23300.0,545.0,115.0,1705.0,0.3196480938416422
163,LHL.DCE,20220902,22350.0,22390.0,22575.0,22575.0,22300.0,22500.0,22455.0,110.0,65.0,124.0,4455.99,197.0,,22820.0,320.0,255.0,1480.0,0.21621621621621623
164,LHL.DCE,20220901,22050.0,22355.0,22050.0,22545.0,22050.0,22350.0,22390.0,-5.0,35.0,90.0,3224.64,230.0,,22800.0,450.0,150.0,1610.0,0.2795031055900621
165,LHL.DCE,20220831,22320.0,22175.0,22180.0,22565.0,22000.0,22050.0,22355.0,-125.0,180.0,1542.0,55155.38,270.0,,23190.0,1140.0,300.0,1520.0,0.75
166,LHL.DCE,20220830,22155.0,22040.0,22000.0,22370.0,21860.0,22320.0,22175.0,280.0,135.0,923.0,32754.21,1279.0,,23255.0,935.0,270.0,1725.0,0.5420289855072464
167,LHL.DCE,20220829,21810.0,21730.0,22050.0,22230.0,21860.0,22155.0,22040.0,425.0,310.0,1854.0,65393.42,1923.0,,22985.0,830.0,165.0,1620.0,0.5123456790123457
168,LHL.DCE,20220826,21600.0,21490.0,21635.0,21860.0,21510.0,21810.0,21730.0,320.0,240.0,1365.0,47461.3,3176.0,,22745.0,935.0,345.0,1725.0,0.5420289855072464
169,LHL.DCE,20220825,21470.0,21405.0,21530.0,21675.0,21260.0,21600.0,21490.0,195.0,85.0,1467.0,50442.73,4077.0,,22855.0,1255.0,210.0,1825.0,0.6876712328767123
170,LHL.DCE,20220824,21425.0,21510.0,21350.0,21540.0,21280.0,21470.0,21405.0,-40.0,-105.0,1226.0,41994.49,4781.0,,22860.0,1390.0,130.0,1950.0,0.7128205128205128
171,LHL.DCE,20220823,21300.0,21170.0,21400.0,21730.0,21300.0,21425.0,21510.0,255.0,340.0,2148.0,73930.74,5391.0,,22870.0,1445.0,45.0,1985.0,0.7279596977329975
172,LHL.DCE,20220822,20810.0,20690.0,21000.0,21360.0,20815.0,21300.0,21170.0,610.0,480.0,2335.0,79108.04,6291.0,,22755.0,1455.0,125.0,1995.0,0.7293233082706767
173,LHL.DCE,20220819,20500.0,20475.0,20465.0,20820.0,20450.0,20810.0,20690.0,335.0,215.0,2364.0,78276.35,7260.0,,22500.0,1690.0,490.0,2230.0,0.757847533632287
174,LHL.DCE,20220818,20515.0,20485.0,20500.0,20650.0,20380.0,20500.0,20475.0,15.0,-10.0,1396.0,45733.94,7797.0,,22350.0,1850.0,310.0,2390.0,0.7740585774058577
175,LHL.DCE,20220817,20410.0,20290.0,20420.0,20545.0,20410.0,20515.0,20485.0,225.0,195.0,1942.0,63665.51,8366.0,,22050.0,1535.0,15.0,2105.0,0.7292161520190024
176,LHL.DCE,20220816,20080.0,19935.0,20320.0,20455.0,20010.0,20410.0,20290.0,475.0,355.0,3139.0,101909.02,9181.0,,22320.0,1910.0,105.0,1940.0,0.9845360824742269
177,LHL.DCE,20220815,19650.0,19625.0,19700.0,20080.0,19700.0,20080.0,19935.0,455.0,310.0,3540.0,112933.56,10433.0,,22155.0,2075.0,330.0,2105.0,0.9857482185273159
178,LHL.DCE,20220812,19615.0,19650.0,19620.0,19710.0,19535.0,19650.0,19625.0,0.0,-25.0,2924.0,91834.14,11831.0,,21810.0,2160.0,430.0,2190.0,0.9863013698630136
179,LHL.DCE,20220811,19700.0,19780.0,19785.0,19865.0,19530.0,19615.0,19650.0,-165.0,-130.0,4100.0,128910.1,12788.0,,21600.0,1985.0,35.0,2015.0,0.9851116625310173
180,LHL.DCE,20220810,19850.0,19640.0,19640.0,19915.0,19640.0,19700.0,19780.0,60.0,140.0,3467.0,109735.11,14332.0,,21470.0,1770.0,85.0,1970.0,0.8984771573604061
181,LHL.DCE,20220809,19875.0,20075.0,19800.0,19950.0,19470.0,19850.0,19640.0,-225.0,-435.0,9163.0,287993.47,14868.0,,21425.0,1575.0,150.0,2075.0,0.7590361445783133
182,LHL.DCE,20220808,20480.0,20525.0,20320.0,20380.0,19815.0,19875.0,20075.0,-650.0,-450.0,12836.0,412340.95,18093.0,,21300.0,1425.0,25.0,1975.0,0.7215189873417721
183,LHL.DCE,20220805,20505.0,20445.0,20555.0,20685.0,20385.0,20480.0,20525.0,35.0,80.0,7431.0,244038.36,21826.0,,20810.0,330.0,605.0,2090.0,0.15789473684210525
184,LHL.DCE,20220804,20530.0,20600.0,20495.0,20595.0,20320.0,20505.0,20445.0,-95.0,-155.0,8944.0,292580.9,22886.0,,20500.0,5.0,25.0,1805.0,0.002770083102493075
185,LHL.DCE,20220803,20810.0,20790.0,20660.0,20785.0,20420.0,20530.0,20600.0,-260.0,-190.0,11549.0,380675.83,24477.0,,20515.0,15.0,25.0,1815.0,0.008264462809917356
186,LHL.DCE,20220802,20810.0,20920.0,20750.0,20970.0,20600.0,20810.0,20790.0,-110.0,-130.0,11810.0,392935.94,25167.0,,20410.0,400.0,280.0,1990.0,0.20100502512562815
187,LHL.DCE,20220801,21000.0,21050.0,21000.0,21220.0,20660.0,20810.0,20920.0,-240.0,-130.0,17184.0,575283.98,26948.0,,20080.0,730.0,0.0,1660.0,0.4397590361445783
188,LHL.DCE,20220729,20925.0,20990.0,21035.0,21390.0,20740.0,21000.0,21050.0,10.0,60.0,20578.0,693213.39,28826.0,,19650.0,1350.0,190.0,1420.0,0.9507042253521126
189,LHL.DCE,20220728,20685.0,20420.0,20655.0,21215.0,20655.0,20925.0,20990.0,505.0,570.0,22559.0,757707.29,30724.0,,19615.0,1310.0,75.0,1460.0,0.8972602739726028
190,LHL.DCE,20220727,20645.0,20295.0,20140.0,20755.0,20025.0,20685.0,20420.0,390.0,125.0,21752.0,710755.32,32479.0,,19700.0,985.0,240.0,1615.0,0.6099071207430341
191,LHL.DCE,20220726,20645.0,20645.0,,,,20645.0,20645.0,0.0,0.0,0.0,0.0,0.0,,19850.0,795.0,40.0,1505.0,0.5282392026578073
192,LHL.DCE,20220725,20645.0,20645.0,,,,20645.0,20645.0,0.0,0.0,0.0,0.0,2.0,,19875.0,770.0,0.0,1480.0,0.5202702702702703
193,LHL.DCE,20220722,20645.0,20645.0,,,,20645.0,20645.0,0.0,0.0,0.0,0.0,2.0,,20480.0,165.0,0.0,875.0,0.18857142857142858
194,LHL.DCE,20220721,20645.0,20645.0,,,,20645.0,20645.0,0.0,0.0,0.0,0.0,2.0,,20505.0,140.0,0.0,850.0,0.16470588235294117
195,LHL.DCE,20220720,20645.0,20645.0,,,,20645.0,20645.0,0.0,0.0,0.0,0.0,2.0,,20530.0,115.0,0.0,825.0,0.1393939393939394
196,LHL.DCE,20220719,20645.0,20645.0,,,,20645.0,20645.0,0.0,0.0,0.0,0.0,2.0,,20810.0,165.0,0.0,545.0,0.30275229357798167
197,LHL.DCE,20220718,20645.0,20645.0,,,,20645.0,20645.0,0.0,0.0,0.0,0.0,2.0,,20810.0,165.0,0.0,545.0,0.30275229357798167
198,LHL.DCE,20220715,20645.0,20645.0,,,,20645.0,20645.0,0.0,0.0,0.0,0.0,2.0,,21000.0,355.0,0.0,355.0,1.0
199,LHL.DCE,20220714,20510.0,20645.0,,,,20645.0,20645.0,0.0,0.0,0.0,0.0,2.0,,20925.0,280.0,0.0,280.0,1.0
200,LHL.DCE,20220713,21600.0,21600.0,20505.0,20750.0,20505.0,20510.0,20645.0,-1090.0,-955.0,19.0,627.7,2.0,,20685.0,175.0,135.0,175.0,1.0
201,LHL.DCE,20220712,20220.0,20270.0,21600.0,21600.0,21600.0,21600.0,21600.0,1330.0,1330.0,1.0,34.56,23.0,,20645.0,955.0,1090.0,1225.0,0.7795918367346939
202,LHL.DCE,20220711,21300.0,21300.0,20305.0,20305.0,20220.0,20220.0,20270.0,-1080.0,-1030.0,5.0,162.17,23.0,,20645.0,425.0,1380.0,2605.0,0.16314779270633398
203,LHL.DCE,20220708,20800.0,20800.0,21300.0,21300.0,21300.0,21300.0,21300.0,500.0,500.0,4.0,136.32,33.0,,20645.0,655.0,1080.0,3685.0,0.17774762550881953
204,LHL.DCE,20220707,22500.0,20610.0,20800.0,20800.0,20800.0,20800.0,20800.0,190.0,190.0,1.0,33.28,40.0,,20645.0,155.0,500.0,4185.0,0.037037037037037035
205,LHL.DCE,20220706,20310.0,21895.0,20150.0,22500.0,20145.0,22500.0,20610.0,605.0,-1285.0,8.0,263.82,44.0,,20645.0,1855.0,1700.0,5885.0,0.31520815632965166
206,LHL.DCE,20220705,20340.0,19950.0,22130.0,22140.0,20310.0,20310.0,21895.0,360.0,1945.0,51.0,1786.75,57.0,,20645.0,335.0,2190.0,8075.0,0.04148606811145511
207,LHL.DCE,20220704,18300.0,18835.0,18995.0,20340.0,18995.0,20340.0,19950.0,1505.0,1115.0,29.0,925.86,90.0,,20645.0,305.0,30.0,8105.0,0.03763109191856878
208,LHL.DCE,20220701,18960.0,19060.0,19080.0,19080.0,18300.0,18300.0,18835.0,-760.0,-225.0,85.0,2561.76,90.0,,20645.0,2345.0,2040.0,10145.0,0.2311483489403647
209,LHL.DCE,20220630,19140.0,19080.0,19120.0,19225.0,18885.0,18960.0,19060.0,-120.0,-20.0,842.0,25680.99,130.0,,20645.0,1685.0,660.0,10805.0,0.15594632114761683
210,LHL.DCE,20220629,19260.0,19230.0,19595.0,19595.0,18855.0,19140.0,19080.0,-90.0,-150.0,829.0,25311.67,753.0,,20510.0,1370.0,180.0,10850.0,0.12626728110599078
211,LHL.DCE,20220628,18815.0,18755.0,19125.0,19460.0,19075.0,19260.0,19230.0,505.0,475.0,711.0,21876.5,1210.0,,21600.0,2340.0,120.0,9880.0,0.23684210526315788
212,LHL.DCE,20220627,18115.0,18095.0,18325.0,18930.0,18325.0,18815.0,18755.0,720.0,660.0,770.0,23108.19,1397.0,,20220.0,1405.0,445.0,8945.0,0.15707098937954164
213,LHL.DCE,20220624,17970.0,17840.0,17950.0,18175.0,17890.0,18115.0,18095.0,275.0,255.0,687.0,19890.62,1729.0,,21300.0,3185.0,700.0,8565.0,0.37186223000583774
214,LHL.DCE,20220623,17590.0,17635.0,17695.0,17970.0,17685.0,17970.0,17840.0,335.0,205.0,583.0,16645.3,2000.0,,20800.0,2830.0,145.0,8210.0,0.3447015834348356
215,LHL.DCE,20220622,17435.0,17375.0,17565.0,17830.0,17450.0,17590.0,17635.0,215.0,260.0,597.0,16847.46,2123.0,,22500.0,4910.0,380.0,6890.0,0.7126269956458636
216,LHL.DCE,20220621,17295.0,17315.0,17395.0,17510.0,17250.0,17435.0,17375.0,120.0,60.0,402.0,11176.54,2238.0,,20310.0,2875.0,155.0,4855.0,0.592173017507724
217,LHL.DCE,20220620,17140.0,17000.0,17510.0,17510.0,17220.0,17295.0,17315.0,295.0,315.0,387.0,10723.06,2386.0,,20340.0,3045.0,140.0,4965.0,0.6132930513595166
218,LHL.DCE,20220617,17115.0,17105.0,16950.0,17145.0,16860.0,17140.0,17000.0,35.0,-105.0,572.0,15561.98,2517.0,,18300.0,1160.0,155.0,3080.0,0.37662337662337664
219,LHL.DCE,20220616,17295.0,17280.0,17200.0,17230.0,17005.0,17115.0,17105.0,-165.0,-175.0,676.0,18504.37,2589.0,,18960.0,1845.0,25.0,2445.0,0.754601226993865
220,LHL.DCE,20220615,17300.0,17125.0,17300.0,17395.0,17220.0,17295.0,17280.0,170.0,155.0,696.0,19248.34,2797.0,,19140.0,1845.0,180.0,2445.0,0.754601226993865
221,LHL.DCE,20220614,16940.0,16850.0,16955.0,17330.0,16915.0,17300.0,17125.0,450.0,275.0,1764.0,48339.66,2944.0,,19260.0,1960.0,5.0,2330.0,0.8412017167381974
222,LHL.DCE,20220613,16420.0,16315.0,16750.0,16950.0,16620.0,16940.0,16850.0,625.0,535.0,1739.0,46889.73,3421.0,,18815.0,1875.0,360.0,2245.0,0.8351893095768375
223,LHL.DCE,20220610,16355.0,16315.0,16315.0,16450.0,16235.0,16420.0,16315.0,105.0,0.0,1179.0,30785.54,3827.0,,18115.0,1695.0,520.0,2065.0,0.8208232445520581
224,LHL.DCE,20220609,16380.0,16360.0,16270.0,16385.0,16270.0,16355.0,16315.0,-5.0,-45.0,664.0,17337.3,4226.0,,17970.0,1615.0,65.0,1985.0,0.8136020151133502
225,LHL.DCE,20220608,16465.0,16505.0,16450.0,16460.0,16315.0,16380.0,16360.0,-125.0,-145.0,810.0,21203.24,4491.0,,17590.0,1210.0,25.0,1630.0,0.7423312883435583
226,LHL.DCE,20220607,16610.0,16610.0,16610.0,16640.0,16385.0,16465.0,16505.0,-145.0,-105.0,659.0,17405.54,4747.0,,17435.0,970.0,85.0,1560.0,0.6217948717948718
227,LHL.DCE,20220606,16500.0,16515.0,16515.0,16675.0,16515.0,16610.0,16610.0,95.0,95.0,664.0,17647.22,4984.0,,17295.0,685.0,145.0,1565.0,0.43769968051118213
228,LHL.DCE,20220602,16605.0,16630.0,16500.0,16625.0,16430.0,16500.0,16515.0,-130.0,-115.0,951.0,25136.42,5114.0,,17140.0,640.0,110.0,1520.0,0.42105263157894735
229,LHL.DCE,20220601,16715.0,16550.0,16640.0,16695.0,16565.0,16605.0,16630.0,55.0,80.0,853.0,22697.35,5217.0,,17115.0,510.0,105.0,1600.0,0.31875
230,LHL.DCE,20220531,16590.0,16530.0,16600.0,16745.0,16460.0,16715.0,16550.0,185.0,20.0,2002.0,53028.14,5416.0,,17295.0,580.0,110.0,1530.0,0.3790849673202614
231,LHL.DCE,20220530,16710.0,16750.0,16655.0,16750.0,16385.0,16590.0,16530.0,-160.0,-220.0,2920.0,77229.74,6070.0,,17300.0,710.0,125.0,1650.0,0.4303030303030303
232,LHL.DCE,20220527,16000.0,16760.0,16700.0,16885.0,16690.0,16710.0,16750.0,-50.0,-10.0,1433.0,38409.16,6913.0,,16940.0,230.0,120.0,1410.0,0.16312056737588654
233,LHL.DCE,20220526,15000.0,16000.0,16000.0,16000.0,16000.0,16000.0,15430.0,0.0,-570.0,16.0,409.6,0.0,,16420.0,420.0,710.0,1600.0,0.2625
234,LHL.DCE,20220525,15600.0,15600.0,16500.0,16500.0,15000.0,15000.0,16000.0,-600.0,400.0,17.0,435.2,17.0,,16355.0,1355.0,1000.0,2535.0,0.534516765285996
235,LHL.DCE,20220524,15500.0,15500.0,15600.0,15700.0,15600.0,15600.0,15600.0,100.0,100.0,167.0,4168.96,31.0,,16380.0,780.0,600.0,3110.0,0.2508038585209003
236,LHL.DCE,20220523,15500.0,15110.0,15500.0,15500.0,15500.0,15500.0,15500.0,390.0,390.0,2.0,49.6,218.0,,16465.0,965.0,100.0,3125.0,0.3088
237,LHL.DCE,20220520,15000.0,14990.0,15190.0,15500.0,15000.0,15500.0,15110.0,510.0,120.0,13.0,314.35,241.0,,16610.0,1110.0,0.0,2980.0,0.3724832214765101
238,LHL.DCE,20220519,15000.0,14895.0,14800.0,15000.0,14800.0,15000.0,14990.0,105.0,95.0,32.0,767.63,273.0,,16500.0,1500.0,500.0,3370.0,0.44510385756676557
239,LHL.DCE,20220518,14800.0,14740.0,14800.0,15000.0,14800.0,15000.0,14895.0,260.0,155.0,29.0,691.18,314.0,,16605.0,1605.0,0.0,3265.0,0.49157733537519144
240,LHL.DCE,20220517,14885.0,14885.0,14505.0,14800.0,14500.0,14800.0,14740.0,-85.0,-145.0,10.0,235.85,333.0,,16715.0,1915.0,200.0,3355.0,0.5707898658718331
241,LHL.DCE,20220516,14950.0,14885.0,,,,14885.0,14885.0,0.0,0.0,0.0,0.0,343.0,,16590.0,1705.0,85.0,3315.0,0.5143288084464555
242,LHL.DCE,20220513,14850.0,14755.0,14800.0,14950.0,14800.0,14950.0,14885.0,195.0,130.0,12.0,285.84,361.0,,16710.0,1760.0,65.0,3260.0,0.5398773006134969
243,LHL.DCE,20220512,14790.0,14735.0,14500.0,14850.0,14500.0,14850.0,14755.0,115.0,20.0,19.0,448.61,385.0,,16000.0,1150.0,100.0,2650.0,0.4339622641509434
244,LHL.DCE,20220511,14500.0,14460.0,14500.0,14790.0,14500.0,14790.0,14735.0,330.0,275.0,13.0,306.56,408.0,,15000.0,210.0,60.0,1710.0,0.12280701754385964
245,LHL.DCE,20220510,14475.0,14325.0,14400.0,14500.0,14400.0,14500.0,14460.0,175.0,135.0,10.0,231.36,431.0,,15600.0,1100.0,290.0,1400.0,0.7857142857142857
246,LHL.DCE,20220509,14150.0,14180.0,14200.0,14500.0,14200.0,14475.0,14325.0,295.0,145.0,21.0,481.47,448.0,,15500.0,1025.0,25.0,1325.0,0.7735849056603774
247,LHL.DCE,20220506,14200.0,14130.0,14230.0,14240.0,14150.0,14150.0,14180.0,20.0,50.0,42.0,953.22,462.0,,15500.0,1350.0,325.0,1650.0,0.8181818181818182
248,LHL.DCE,20220505,14150.0,13905.0,14400.0,14400.0,14000.0,14200.0,14130.0,295.0,225.0,87.0,1967.14,485.0,,15000.0,800.0,50.0,1200.0,0.6666666666666666
249,LHL.DCE,20220429,14000.0,14065.0,14010.0,14470.0,13805.0,14150.0,13905.0,85.0,-160.0,4111.0,91480.46,533.0,,15000.0,850.0,50.0,1250.0,0.68
250,LHL.DCE,20220428,14130.0,14065.0,14130.0,14130.0,14000.0,14000.0,14065.0,-65.0,0.0,2772.0,62394.09,3786.0,,14800.0,800.0,150.0,1200.0,0.6666666666666666
251,LHL.DCE,20220427,14000.0,14010.0,14000.0,14155.0,13910.0,14130.0,14065.0,120.0,55.0,3435.0,77318.74,5984.0,,14885.0,755.0,130.0,1245.0,0.606425702811245
252,LHL.DCE,20220426,14135.0,14060.0,14130.0,14130.0,13965.0,14000.0,14010.0,-60.0,-50.0,4027.0,90291.82,8239.0,,14950.0,950.0,130.0,1310.0,0.7251908396946565
253,LHL.DCE,20220425,13560.0,13510.0,14340.0,14340.0,13910.0,14135.0,14060.0,625.0,550.0,8527.0,191866.48,10690.0,,14850.0,715.0,135.0,1345.0,0.5315985130111525
254,LHL.DCE,20220422,13430.0,13470.0,13430.0,13650.0,13330.0,13560.0,13510.0,90.0,40.0,6522.0,141029.21,14914.0,,14790.0,1230.0,575.0,1860.0,0.6612903225806451
255,LHL.DCE,20220421,13430.0,13660.0,13350.0,13650.0,13320.0,13430.0,13470.0,-230.0,-190.0,9565.0,206193.71,16971.0,,14500.0,1070.0,130.0,1700.0,0.6294117647058823
256,LHL.DCE,20220420,13700.0,13555.0,13850.0,13950.0,13360.0,13430.0,13660.0,-125.0,105.0,15125.0,330619.21,19234.0,,14475.0,1045.0,0.0,1675.0,0.6238805970149254
257,LHL.DCE,20220419,13400.0,13115.0,13500.0,13855.0,13250.0,13700.0,13555.0,585.0,440.0,21705.0,470750.37,21138.0,,14150.0,450.0,270.0,1620.0,0.2777777777777778
258,LHL.DCE,20220418,12660.0,12700.0,12900.0,13580.0,12900.0,13400.0,13115.0,700.0,415.0,29707.0,623447.45,28670.0,,14200.0,800.0,300.0,1870.0,0.42780748663101603
259,LHL.DCE,20220415,12695.0,12710.0,12700.0,12765.0,12630.0,12660.0,12700.0,-50.0,-10.0,13153.0,267348.17,38057.0,,14150.0,1490.0,740.0,2560.0,0.58203125
260,LHL.DCE,20220414,12750.0,12715.0,12800.0,12850.0,12615.0,12695.0,12710.0,-20.0,-5.0,12157.0,247225.31,42740.0,,14000.0,1305.0,35.0,2445.0,0.5337423312883436
261,LHL.DCE,20220413,12695.0,12650.0,12750.0,12790.0,12635.0,12750.0,12715.0,100.0,65.0,12932.0,263128.11,45320.0,,14130.0,1380.0,55.0,2370.0,0.5822784810126582
262,LHL.DCE,20220412,12525.0,12520.0,12540.0,12780.0,12540.0,12695.0,12650.0,175.0,130.0,17876.0,361826.02,48112.0,,14000.0,1305.0,55.0,2295.0,0.5686274509803921
263,LHL.DCE,20220411,12675.0,12715.0,12650.0,12750.0,12360.0,12525.0,12520.0,-190.0,-195.0,19852.0,397772.82,51667.0,,14135.0,1610.0,170.0,2330.0,0.6909871244635193
264,LHL.DCE,20220408,12775.0,12750.0,12750.0,12850.0,12615.0,12675.0,12715.0,-75.0,-35.0,15513.0,315696.49,54323.0,,13560.0,885.0,150.0,1905.0,0.4645669291338583
265,LHL.DCE,20220407,12745.0,12860.0,12740.0,12825.0,12645.0,12775.0,12750.0,-85.0,-110.0,14456.0,294995.98,54446.0,,13430.0,655.0,100.0,1875.0,0.34933333333333333
266,LHL.DCE,20220406,12955.0,13005.0,12955.0,13000.0,12705.0,12745.0,12860.0,-260.0,-145.0,16908.0,347942.86,54804.0,,13430.0,685.0,30.0,1905.0,0.35958005249343833
267,LHL.DCE,20220401,13005.0,13025.0,13100.0,13200.0,12750.0,12955.0,13005.0,-70.0,-20.0,28988.0,603194.12,55554.0,,13700.0,745.0,210.0,1845.0,0.4037940379403794
268,LHL.DCE,20220331,12895.0,12920.0,12900.0,13160.0,12880.0,13005.0,13025.0,85.0,105.0,33965.0,707986.02,56028.0,,13400.0,395.0,50.0,1595.0,0.2476489028213166
269,LHL.DCE,20220330,12990.0,12905.0,13060.0,13060.0,12820.0,12895.0,12920.0,-10.0,15.0,27941.0,577739.48,59540.0,,12660.0,235.0,110.0,965.0,0.24352331606217617
270,LHL.DCE,20220329,11520.0,12630.0,12690.0,13060.0,12680.0,12990.0,12905.0,360.0,275.0,41956.0,866504.44,63446.0,,12695.0,295.0,95.0,1025.0,0.28780487804878047
271,LHL.DCE,20220328,11500.0,11500.0,11500.0,11520.0,11500.0,11520.0,11580.0,20.0,80.0,9.0,165.66,0.0,,12750.0,1230.0,1470.0,2440.0,0.5040983606557377
272,LHL.DCE,20220325,11500.0,11475.0,11500.0,11500.0,11500.0,11500.0,11500.0,25.0,25.0,2.0,36.8,33.0,,12695.0,1195.0,20.0,2405.0,0.4968814968814969
273,LHL.DCE,20220324,11580.0,11580.0,11300.0,11500.0,11300.0,11500.0,11475.0,-80.0,-105.0,25.0,459.04,43.0,,12525.0,1025.0,0.0,2235.0,0.45861297539149887
274,LHL.DCE,20220323,11700.0,11700.0,11580.0,11580.0,11580.0,11580.0,11580.0,-120.0,-120.0,6.0,111.17,115.0,,12675.0,1095.0,80.0,2165.0,0.5057736720554272
275,LHL.DCE,20220322,11600.0,11600.0,11700.0,11700.0,11700.0,11700.0,11700.0,100.0,100.0,5.0,93.6,125.0,,12775.0,1075.0,120.0,2185.0,0.4919908466819222
276,LHL.DCE,20220321,11400.0,11510.0,11600.0,11600.0,11600.0,11600.0,11600.0,90.0,90.0,5.0,92.8,132.0,,12745.0,1145.0,100.0,2255.0,0.5077605321507761
277,LHL.DCE,20220318,11800.0,11760.0,11700.0,11700.0,11400.0,11400.0,11510.0,-360.0,-250.0,16.0,294.72,144.0,,12955.0,1555.0,200.0,2245.0,0.6926503340757239
278,LHL.DCE,20220317,11700.0,11700.0,11700.0,11800.0,11700.0,11800.0,11760.0,100.0,60.0,16.0,301.12,162.0,,13005.0,1205.0,400.0,2595.0,0.464354527938343
279,LHL.DCE,20220316,11705.0,11705.0,11700.0,11700.0,11700.0,11700.0,11700.0,-5.0,-5.0,6.0,112.32,175.0,,12895.0,1195.0,100.0,2585.0,0.4622823984526112
280,LHL.DCE,20220315,11700.0,11725.0,11705.0,11705.0,11705.0,11705.0,11705.0,-20.0,-20.0,2.0,37.46,187.0,,12990.0,1285.0,5.0,2495.0,0.5150300601202404
281,LHL.DCE,20220314,11880.0,11875.0,11700.0,12000.0,11700.0,11700.0,11725.0,-175.0,-150.0,12.0,225.13,191.0,,11520.0,180.0,5.0,1030.0,0.17475728155339806
282,LHL.DCE,20220311,11700.0,11700.0,11870.0,11880.0,11870.0,11880.0,11875.0,180.0,175.0,12.0,228.02,208.0,,11500.0,380.0,180.0,1190.0,0.31932773109243695
283,LHL.DCE,20220310,11700.0,11700.0,11700.0,11700.0,11700.0,11700.0,11700.0,0.0,0.0,2.0,37.44,217.0,,11500.0,200.0,180.0,1370.0,0.145985401459854
284,LHL.DCE,20220309,11700.0,11715.0,11700.0,11700.0,11700.0,11700.0,11700.0,-15.0,-15.0,2.0,37.44,219.0,,11580.0,120.0,0.0,1290.0,0.09302325581395349
285,LHL.DCE,20220308,11705.0,11760.0,11705.0,11880.0,11700.0,11700.0,11715.0,-60.0,-45.0,12.0,224.97,226.0,,11700.0,0.0,0.0,1170.0,0.0
286,LHL.DCE,20220307,11705.0,11780.0,11695.0,11880.0,11695.0,11705.0,11760.0,-75.0,-20.0,6.0,112.93,239.0,,11600.0,105.0,5.0,1075.0,0.09767441860465116
287,LHL.DCE,20220304,11895.0,11760.0,11800.0,11800.0,11705.0,11705.0,11780.0,-55.0,20.0,6.0,113.13,247.0,,11400.0,305.0,0.0,875.0,0.3485714285714286
288,LHL.DCE,20220303,11835.0,11670.0,11625.0,11895.0,11625.0,11895.0,11760.0,225.0,90.0,2.0,37.63,254.0,,11800.0,95.0,190.0,665.0,0.14285714285714285
289,LHL.DCE,20220302,11385.0,11215.0,11680.0,12080.0,11395.0,11835.0,11670.0,620.0,455.0,38.0,709.61,262.0,,11700.0,135.0,60.0,625.0,0.216
290,LHL.DCE,20220301,11705.0,12025.0,11730.0,11850.0,11070.0,11385.0,11215.0,-640.0,-810.0,460.0,8256.1,288.0,,11705.0,320.0,450.0,1070.0,0.29906542056074764
291,LHL.DCE,20220228,12345.0,12325.0,12345.0,12385.0,11705.0,11705.0,12025.0,-620.0,-300.0,10105.0,194437.33,571.0,,11700.0,5.0,320.0,1385.0,0.0036101083032490976
292,LHL.DCE,20220225,12365.0,12370.0,12370.0,12385.0,12290.0,12345.0,12325.0,-25.0,-45.0,5625.0,110928.78,7527.0,,11880.0,465.0,640.0,1845.0,0.25203252032520324
293,LHL.DCE,20220224,12440.0,12470.0,12440.0,12460.0,12300.0,12365.0,12370.0,-105.0,-100.0,5120.0,101336.98,12166.0,,11700.0,665.0,20.0,1685.0,0.39465875370919884
294,LHL.DCE,20220223,12365.0,12385.0,12405.0,12590.0,12355.0,12440.0,12470.0,55.0,85.0,4068.0,81181.12,14885.0,,11700.0,740.0,75.0,1760.0,0.42045454545454547
295,LHL.DCE,20220222,12470.0,12550.0,12470.0,12490.0,12330.0,12365.0,12385.0,-185.0,-165.0,4308.0,85399.33,16797.0,,11700.0,665.0,75.0,1835.0,0.36239782016348776
296,LHL.DCE,20220221,12500.0,12605.0,12500.0,12660.0,12460.0,12470.0,12550.0,-135.0,-55.0,3531.0,70910.41,19022.0,,11705.0,765.0,105.0,1935.0,0.3953488372093023
297,LHL.DCE,20220218,12785.0,12790.0,12795.0,12800.0,12470.0,12500.0,12605.0,-290.0,-185.0,5022.0,101316.71,20147.0,,11705.0,795.0,30.0,1965.0,0.40458015267175573
298,LHL.DCE,20220217,12680.0,12650.0,12780.0,12915.0,12665.0,12785.0,12790.0,135.0,140.0,8069.0,165125.88,21238.0,,11895.0,890.0,285.0,2060.0,0.4320388349514563
299,LHL.DCE,20220216,12585.0,12515.0,12600.0,12740.0,12550.0,12680.0,12650.0,165.0,135.0,5331.0,107909.59,24653.0,,11835.0,845.0,105.0,2105.0,0.4014251781472684
300,LHL.DCE,20220215,12620.0,12730.0,12570.0,12680.0,12355.0,12585.0,12515.0,-145.0,-215.0,10806.0,216401.41,26696.0,,11385.0,1200.0,95.0,1750.0,0.6857142857142857
301,LHL.DCE,20220214,12980.0,13030.0,12970.0,12975.0,12605.0,12620.0,12730.0,-410.0,-300.0,9315.0,189776.88,29938.0,,11705.0,915.0,35.0,1465.0,0.6245733788395904
302,LHL.DCE,20220211,13125.0,13140.0,13140.0,13205.0,12870.0,12980.0,13030.0,-160.0,-110.0,11480.0,239402.7,32074.0,,12345.0,635.0,360.0,1185.0,0.5358649789029536
303,LHL.DCE,20220210,13265.0,13435.0,13200.0,13235.0,13060.0,13125.0,13140.0,-310.0,-295.0,10809.0,227255.8,34608.0,,12365.0,760.0,145.0,1310.0,0.5801526717557252
304,LHL.DCE,20220209,13705.0,13675.0,13525.0,13620.0,13245.0,13265.0,13435.0,-410.0,-240.0,11474.0,246714.16,36172.0,,12440.0,825.0,140.0,1375.0,0.6
305,LHL.DCE,20220208,13705.0,13615.0,13685.0,13810.0,13520.0,13705.0,13675.0,90.0,60.0,12315.0,269506.3,36852.0,,12365.0,1340.0,440.0,1740.0,0.7701149425287356
306,LHL.DCE,20220207,13425.0,13360.0,13500.0,13950.0,13335.0,13705.0,13615.0,345.0,255.0,17560.0,382564.34,41143.0,,12470.0,1235.0,0.0,1635.0,0.7553516819571865
307,LHL.DCE,20220128,13240.0,13375.0,13295.0,13500.0,13240.0,13425.0,13360.0,50.0,-15.0,17207.0,367944.16,43729.0,,12500.0,925.0,280.0,1885.0,0.4907161803713528
308,LHL.DCE,20220127,13465.0,13475.0,13485.0,13565.0,13205.0,13240.0,13375.0,-235.0,-100.0,18704.0,400283.6,48593.0,,12785.0,455.0,185.0,1785.0,0.2549019607843137
309,LHL.DCE,20220126,13500.0,13545.0,13500.0,13585.0,13410.0,13465.0,13475.0,-80.0,-70.0,11706.0,252465.31,52085.0,,12680.0,785.0,225.0,1905.0,0.4120734908136483
310,LHL.DCE,20220125,13200.0,13200.0,13500.0,13500.0,13500.0,13500.0,13805.0,300.0,605.0,1.0,21.6,0.0,,12585.0,915.0,35.0,1845.0,0.4959349593495935
311,LHL.DCE,20220124,13500.0,13500.0,13200.0,13200.0,13200.0,13200.0,13200.0,-300.0,-300.0,1.0,21.12,32.0,,12620.0,580.0,300.0,2110.0,0.27488151658767773
312,LHL.DCE,20220121,13500.0,13500.0,,,,13500.0,13500.0,0.0,0.0,0.0,0.0,32.0,,12980.0,520.0,300.0,2050.0,0.25365853658536586
313,LHL.DCE,20220120,13500.0,13500.0,,,,13500.0,13500.0,0.0,0.0,0.0,0.0,32.0,,13125.0,375.0,0.0,1905.0,0.1968503937007874
314,LHL.DCE,20220119,13500.0,13500.0,,,,13500.0,13500.0,0.0,0.0,0.0,0.0,33.0,,13265.0,235.0,0.0,1765.0,0.13314447592067988
315,LHL.DCE,20220118,13500.0,13500.0,,,,13500.0,13500.0,0.0,0.0,0.0,0.0,33.0,,13705.0,205.0,0.0,1325.0,0.15471698113207547
316,LHL.DCE,20220117,13850.0,13850.0,13500.0,13500.0,13500.0,13500.0,13500.0,-350.0,-350.0,3.0,64.8,33.0,,13705.0,205.0,0.0,1325.0,0.15471698113207547
317,LHL.DCE,20220114,13500.0,13500.0,13850.0,13850.0,13850.0,13850.0,13850.0,350.0,350.0,2.0,44.32,34.0,,13425.0,425.0,350.0,1395.0,0.3046594982078853
318,LHL.DCE,20220113,13820.0,13865.0,13500.0,13500.0,13500.0,13500.0,13500.0,-365.0,-365.0,3.0,64.8,36.0,,13240.0,260.0,350.0,1560.0,0.16666666666666666
319,LHL.DCE,20220112,13920.0,13980.0,13910.0,13910.0,13820.0,13820.0,13865.0,-160.0,-115.0,44.0,976.13,47.0,,13465.0,355.0,320.0,1655.0,0.21450151057401812
320,LHL.DCE,20220111,13900.0,13970.0,14000.0,14000.0,13920.0,13920.0,13980.0,-50.0,10.0,56.0,1252.65,94.0,,13500.0,420.0,100.0,1720.0,0.2441860465116279
321,LHL.DCE,20220110,14030.0,13980.0,13950.0,14000.0,13900.0,13900.0,13970.0,-80.0,-10.0,55.0,1229.66,153.0,,13200.0,700.0,20.0,1440.0,0.4861111111111111
322,LHL.DCE,20220107,13985.0,13995.0,13985.0,14030.0,13955.0,14030.0,13980.0,35.0,-15.0,17.0,380.26,198.0,,13500.0,530.0,130.0,1270.0,0.41732283464566927
323,LHL.DCE,20220106,13945.0,13920.0,14165.0,14165.0,13915.0,13985.0,13995.0,65.0,75.0,32.0,716.66,219.0,,13500.0,485.0,45.0,1315.0,0.3688212927756654
324,LHL.DCE,20220105,13800.0,13785.0,13830.0,14000.0,13830.0,13945.0,13920.0,160.0,135.0,17.0,378.67,244.0,,13500.0,445.0,40.0,1355.0,0.3284132841328413
325,LHL.DCE,20220104,14005.0,13875.0,13725.0,13940.0,13700.0,13800.0,13785.0,-75.0,-90.0,97.0,2139.55,251.0,,13500.0,300.0,145.0,1500.0,0.2
326,LHL.DCE,20211231,13995.0,13995.0,13995.0,14070.0,13600.0,14005.0,13875.0,10.0,-120.0,4634.0,102886.44,330.0,,13500.0,505.0,205.0,1705.0,0.2961876832844575
327,LHL.DCE,20211230,14000.0,13990.0,13960.0,14015.0,13960.0,13995.0,13995.0,5.0,5.0,2512.0,56252.82,4188.0,,13850.0,145.0,10.0,1365.0,0.10622710622710622
328,LHL.DCE,20211229,14050.0,14090.0,14090.0,14115.0,13955.0,14000.0,13990.0,-90.0,-100.0,2040.0,45676.31,6393.0,,13500.0,500.0,5.0,1020.0,0.49019607843137253
329,LHL.DCE,20211228,14165.0,14320.0,14250.0,14250.0,14020.0,14050.0,14090.0,-270.0,-230.0,1550.0,34952.98,7896.0,,13820.0,230.0,50.0,750.0,0.30666666666666664
330,LHL.DCE,20211227,14360.0,14335.0,14400.0,14460.0,14120.0,14165.0,14320.0,-170.0,-15.0,2007.0,45999.85,8693.0,,13920.0,245.0,115.0,765.0,0.3202614379084967
331,LHL.DCE,20211224,14320.0,14180.0,14380.0,14550.0,14215.0,14360.0,14335.0,180.0,155.0,4005.0,91881.27,9608.0,,13900.0,460.0,195.0,940.0,0.48936170212765956
332,LHL.DCE,20211223,13930.0,13940.0,13930.0,14340.0,13860.0,14320.0,14180.0,380.0,240.0,3887.0,88201.56,11427.0,,14030.0,290.0,40.0,850.0,0.3411764705882353
333,LHL.DCE,20211222,14015.0,14050.0,14015.0,14035.0,13855.0,13930.0,13940.0,-120.0,-110.0,2044.0,45602.82,13123.0,,13985.0,55.0,390.0,1195.0,0.04602510460251046
334,LHL.DCE,20211221,13950.0,13990.0,13945.0,14180.0,13830.0,14015.0,14050.0,25.0,60.0,2681.0,60281.61,13905.0,,13945.0,70.0,85.0,1240.0,0.056451612903225805
335,LHL.DCE,20211220,14070.0,14245.0,14185.0,14185.0,13840.0,13950.0,13990.0,-295.0,-255.0,4173.0,93416.8,14712.0,,13800.0,150.0,65.0,1160.0,0.12931034482758622
336,LHL.DCE,20211217,14540.0,14575.0,14620.0,14620.0,14040.0,14070.0,14245.0,-505.0,-330.0,6044.0,137787.18,16327.0,,14005.0,65.0,120.0,1075.0,0.06046511627906977
337,LHL.DCE,20211216,14575.0,14605.0,14600.0,14670.0,14520.0,14540.0,14575.0,-65.0,-30.0,2411.0,56226.99,17346.0,,13995.0,545.0,470.0,1535.0,0.3550488599348534
338,LHL.DCE,20211215,14565.0,14680.0,14565.0,14680.0,14520.0,14575.0,14605.0,-105.0,-75.0,3110.0,72693.93,17703.0,,14000.0,575.0,35.0,1565.0,0.36741214057507987
339,LHL.DCE,20211214,14680.0,14710.0,14795.0,14850.0,14555.0,14565.0,14680.0,-145.0,-30.0,6260.0,147077.3,18962.0,,14050.0,515.0,10.0,1525.0,0.3377049180327869
340,LHL.DCE,20211213,14870.0,14765.0,14510.0,14890.0,14450.0,14680.0,14710.0,-85.0,-55.0,12774.0,300714.55,21592.0,,14165.0,515.0,115.0,1525.0,0.3377049180327869
341,LHL.DCE,20211210,14775.0,14775.0,14775.0,14950.0,14585.0,14870.0,14765.0,95.0,-10.0,17536.0,414356.78,26336.0,,14360.0,510.0,190.0,1520.0,0.3355263157894737
342,LHL.DCE,20211209,14680.0,14710.0,14680.0,14960.0,14565.0,14775.0,14775.0,65.0,65.0,17800.0,420919.48,29853.0,,14320.0,455.0,95.0,1575.0,0.28888888888888886
343,LHL.DCE,20211208,14965.0,15120.0,14965.0,15040.0,14560.0,14680.0,14710.0,-440.0,-410.0,18608.0,438104.49,32270.0,,13930.0,750.0,95.0,1280.0,0.5859375
344,LHL.DCE,20211207,15220.0,15310.0,15195.0,15340.0,14895.0,14965.0,15120.0,-345.0,-190.0,18745.0,453542.08,35340.0,,14015.0,950.0,285.0,1480.0,0.6418918918918919
345,LHL.DCE,20211206,15455.0,15590.0,15440.0,15590.0,15115.0,15220.0,15310.0,-370.0,-280.0,21534.0,527568.42,36870.0,,13950.0,1270.0,255.0,1670.0,0.7604790419161677
346,LHL.DCE,20211203,15685.0,15920.0,15695.0,15840.0,15390.0,15455.0,15590.0,-465.0,-330.0,19387.0,483701.76,37098.0,,14070.0,1385.0,235.0,1785.0,0.7759103641456583
347,LHL.DCE,20211202,16215.0,16200.0,16190.0,16190.0,15650.0,15685.0,15920.0,-515.0,-280.0,21062.0,536576.7,37130.0,,14540.0,1145.0,230.0,1545.0,0.7411003236245954
348,LHL.DCE,20211201,16105.0,16145.0,16195.0,16320.0,16105.0,16215.0,16200.0,70.0,55.0,12229.0,317041.7,33129.0,,14575.0,1640.0,530.0,2040.0,0.803921568627451
349,LHL.DCE,20211130,16080.0,16140.0,16000.0,16255.0,15890.0,16105.0,16145.0,-35.0,5.0,18912.0,488583.54,35619.0,,14565.0,1540.0,110.0,2140.0,0.719626168224299
350,LHL.DCE,20211129,16725.0,16750.0,16400.0,16400.0,16050.0,16080.0,16140.0,-670.0,-610.0,28993.0,748940.47,38517.0,,14680.0,1400.0,25.0,2050.0,0.6829268292682927
351,LHL.DCE,20211126,16415.0,16730.0,16825.0,16950.0,16580.0,16725.0,16750.0,-5.0,20.0,20809.0,557698.72,37177.0,,14870.0,1855.0,645.0,2505.0,0.7405189620758483
352,LHL.DCE,20211125,16825.0,16825.0,,,,16415.0,16415.0,-410.0,-410.0,0.0,0.0,0.0,,14775.0,1640.0,310.0,2720.0,0.6029411764705882
353,LHL.DCE,20211124,16900.0,16825.0,,,,16825.0,16825.0,0.0,0.0,0.0,0.0,12.0,,14680.0,2145.0,410.0,3035.0,0.7067545304777595
354,LHL.DCE,20211123,16600.0,16300.0,16800.0,16900.0,16800.0,16900.0,16825.0,600.0,525.0,4.0,107.68,17.0,,14965.0,1935.0,75.0,2825.0,0.6849557522123894
355,LHL.DCE,20211122,16040.0,16040.0,16000.0,16600.0,16000.0,16600.0,16300.0,560.0,260.0,2.0,52.16,22.0,,15220.0,1380.0,300.0,2870.0,0.4808362369337979
356,LHL.DCE,20211119,15615.0,15775.0,16040.0,16040.0,16040.0,16040.0,16040.0,265.0,265.0,1.0,25.66,27.0,,15455.0,585.0,560.0,3195.0,0.18309859154929578
357,LHL.DCE,20211118,16800.0,16800.0,15800.0,15990.0,15615.0,15615.0,15775.0,-1185.0,-1025.0,7.0,176.7,32.0,,15685.0,70.0,425.0,3390.0,0.02064896755162242
358,LHL.DCE,20211117,16620.0,16620.0,16800.0,16800.0,16800.0,16800.0,16800.0,180.0,180.0,1.0,26.88,34.0,,16215.0,585.0,1185.0,4045.0,0.1446229913473424
359,LHL.DCE,20211116,17170.0,16620.0,,,,16620.0,16620.0,0.0,0.0,0.0,0.0,34.0,,16105.0,515.0,180.0,4115.0,0.12515188335358446
360,LHL.DCE,20211115,15900.0,15900.0,15500.0,17170.0,15500.0,17170.0,16620.0,1270.0,720.0,15.0,398.88,34.0,,16080.0,1090.0,550.0,4640.0,0.2349137931034483
361,LHL.DCE,20211112,15400.0,15945.0,,,,15900.0,15900.0,-45.0,-45.0,0.0,0.0,36.0,,16725.0,825.0,1270.0,5265.0,0.15669515669515668
362,LHL.DCE,20211111,16290.0,16290.0,15100.0,17300.0,15100.0,15400.0,15945.0,-890.0,-345.0,10.0,255.18,36.0,,16415.0,1015.0,500.0,5455.0,0.1860678276810266
363,LHL.DCE,20211110,15865.0,15865.0,16290.0,16290.0,16290.0,16290.0,16290.0,425.0,425.0,1.0,26.06,36.0,,16825.0,535.0,890.0,5935.0,0.09014321819713564
364,LHL.DCE,20211109,15550.0,15865.0,,,,15865.0,15865.0,0.0,0.0,0.0,0.0,37.0,,16900.0,1035.0,425.0,6285.0,0.16467780429594273
365,LHL.DCE,20211108,15000.0,15000.0,16185.0,16185.0,15550.0,15550.0,15865.0,550.0,865.0,8.0,203.1,37.0,,16600.0,1050.0,315.0,6300.0,0.16666666666666666
366,LHL.DCE,20211105,15610.0,14870.0,,,,15000.0,15000.0,130.0,130.0,0.0,0.0,36.0,,16040.0,1040.0,550.0,6290.0,0.16534181240063592
367,LHL.DCE,20211104,14500.0,14505.0,14550.0,15610.0,14500.0,15610.0,14870.0,1105.0,365.0,21.0,499.65,36.0,,15615.0,5.0,610.0,6475.0,0.0007722007722007722
368,LHL.DCE,20211103,14655.0,14720.0,14680.0,14680.0,14500.0,14500.0,14505.0,-220.0,-215.0,31.0,719.49,52.0,,16800.0,2300.0,1110.0,6400.0,0.359375
369,LHL.DCE,20211102,14600.0,14655.0,14975.0,14975.0,14655.0,14655.0,14720.0,0.0,65.0,22.0,518.25,83.0,,16620.0,1965.0,155.0,6375.0,0.30823529411764705
370,LHL.DCE,20211101,14055.0,14565.0,14200.0,14985.0,14200.0,14600.0,14655.0,35.0,90.0,69.0,1618.12,100.0,,17170.0,2570.0,55.0,5880.0,0.4370748299319728
371,LHL.DCE,20211029,14690.0,14665.0,14800.0,14800.0,14030.0,14055.0,14565.0,-610.0,-100.0,715.0,16664.1,140.0,,15900.0,1845.0,545.0,5155.0,0.35790494665373423
372,LHL.DCE,20211028,14735.0,14670.0,14800.0,14915.0,14565.0,14690.0,14665.0,20.0,-5.0,779.0,18280.21,659.0,,15400.0,710.0,635.0,5290.0,0.1342155009451796
373,LHL.DCE,20211027,14790.0,14880.0,14760.0,14865.0,14410.0,14735.0,14670.0,-145.0,-210.0,786.0,18450.7,1144.0,,16290.0,1555.0,45.0,4445.0,0.3498312710911136
374,LHL.DCE,20211026,15240.0,15210.0,15000.0,15265.0,14670.0,14790.0,14880.0,-420.0,-330.0,910.0,21665.63,1393.0,,15865.0,1075.0,55.0,4075.0,0.26380368098159507
375,LHL.DCE,20211025,14170.0,14120.0,15245.0,15245.0,14990.0,15240.0,15210.0,1120.0,1090.0,1563.0,38045.05,1554.0,,15550.0,310.0,450.0,4210.0,0.07363420427553444
376,LHL.DCE,20211022,13890.0,13990.0,14235.0,14235.0,13990.0,14170.0,14120.0,180.0,130.0,563.0,12720.38,1680.0,,15000.0,830.0,1070.0,4730.0,0.17547568710359407
377,LHL.DCE,20211021,14150.0,14290.0,14150.0,14290.0,13565.0,13890.0,13990.0,-400.0,-300.0,1103.0,24689.8,1721.0,,15610.0,1720.0,280.0,4400.0,0.39090909090909093
378,LHL.DCE,20211020,14315.0,14150.0,14325.0,14465.0,14115.0,14150.0,14290.0,0.0,140.0,824.0,18842.78,1934.0,,14500.0,350.0,260.0,3550.0,0.09859154929577464
379,LHL.DCE,20211019,13870.0,13780.0,13805.0,14445.0,13715.0,14315.0,14150.0,535.0,370.0,1643.0,37207.93,2054.0,,14655.0,340.0,165.0,3560.0,0.09550561797752809
380,LHL.DCE,20211018,12870.0,12855.0,13880.0,13880.0,13500.0,13870.0,13780.0,1015.0,925.0,2894.0,63811.84,2543.0,,14600.0,730.0,445.0,3950.0,0.1848101265822785
381,LHL.DCE,20211015,12685.0,12855.0,12700.0,12985.0,12585.0,12870.0,12855.0,15.0,0.0,1091.0,22447.98,3183.0,,14055.0,1185.0,1000.0,4405.0,0.2690124858115778
382,LHL.DCE,20211014,13195.0,13105.0,13200.0,13260.0,12570.0,12685.0,12855.0,-420.0,-250.0,1786.0,36746.37,3263.0,,14690.0,2005.0,185.0,3955.0,0.506953223767383
383,LHL.DCE,20211013,12520.0,12750.0,13100.0,13360.0,12750.0,13195.0,13105.0,445.0,355.0,3369.0,70666.49,3363.0,,14735.0,1540.0,510.0,4420.0,0.34841628959276016
384,LHL.DCE,20211012,12500.0,12170.0,12750.0,13030.0,12425.0,12520.0,12750.0,350.0,580.0,3494.0,71283.55,3903.0,,14790.0,2270.0,675.0,5040.0,0.4503968253968254
385,LHL.DCE,20211011,11540.0,11575.0,11785.0,12500.0,11785.0,12500.0,12170.0,925.0,595.0,3250.0,63285.95,4236.0,,15240.0,2740.0,20.0,4610.0,0.5943600867678959
386,LHL.DCE,20211008,11480.0,11540.0,11500.0,11785.0,11440.0,11540.0,11575.0,0.0,35.0,2461.0,45589.81,5441.0,,14170.0,2630.0,960.0,4500.0,0.5844444444444444
387,LHL.DCE,20210930,11570.0,11630.0,11450.0,11740.0,11415.0,11480.0,11540.0,-150.0,-90.0,2323.0,42903.14,5851.0,,13890.0,2410.0,60.0,4280.0,0.5630841121495327
388,LHL.DCE,20210929,11795.0,12060.0,11700.0,11780.0,11515.0,11570.0,11630.0,-490.0,-430.0,2507.0,46657.23,5989.0,,14150.0,2580.0,90.0,4110.0,0.6277372262773723
389,LHL.DCE,20210928,13265.0,12125.0,12265.0,12400.0,11790.0,11795.0,12060.0,-330.0,-65.0,2454.0,47370.29,5776.0,,14315.0,2520.0,225.0,4170.0,0.60431654676259
390,LHL.DCE,20210927,13265.0,13265.0,,,,13265.0,13265.0,0.0,0.0,0.0,0.0,0.0,,13870.0,605.0,1470.0,5195.0,0.11645813282001925
391,LHL.DCE,20210924,13265.0,13265.0,,,,13265.0,13265.0,0.0,0.0,0.0,0.0,0.0,,12870.0,395.0,0.0,4195.0,0.09415971394517282
392,LHL.DCE,20210923,13265.0,13265.0,,,,13265.0,13265.0,0.0,0.0,0.0,0.0,0.0,,12685.0,580.0,0.0,4010.0,0.14463840399002495
393,LHL.DCE,20210922,13265.0,13265.0,,,,13265.0,13265.0,0.0,0.0,0.0,0.0,0.0,,13195.0,70.0,0.0,3500.0,0.02
394,LHL.DCE,20210917,13265.0,13265.0,,,,13265.0,13265.0,0.0,0.0,0.0,0.0,0.0,,12520.0,745.0,0.0,2825.0,0.26371681415929205
395,LHL.DCE,20210916,13265.0,13265.0,,,,13265.0,13265.0,0.0,0.0,0.0,0.0,0.0,,12500.0,765.0,0.0,2805.0,0.2727272727272727
396,LHL.DCE,20210915,13265.0,13265.0,,,,13265.0,13265.0,0.0,0.0,0.0,0.0,0.0,,11540.0,1725.0,0.0,1845.0,0.9349593495934959
397,LHL.DCE,20210914,13265.0,13265.0,,,,13265.0,13265.0,0.0,0.0,0.0,0.0,0.0,,11480.0,1785.0,0.0,1785.0,1.0
398,LHL.DCE,20210913,12760.0,13265.0,,,,13265.0,13265.0,0.0,0.0,0.0,0.0,0.0,,11570.0,1695.0,0.0,1695.0,1.0
399,LHL.DCE,20210910,13900.0,13855.0,13900.0,13920.0,12760.0,12760.0,13265.0,-1095.0,-590.0,5.0,106.15,2.0,,11795.0,965.0,505.0,1975.0,0.48860759493670886
400,LHL.DCE,20210909,13980.0,13930.0,14000.0,14000.0,13710.0,13900.0,13855.0,-30.0,-75.0,4.0,88.67,8.0,,13265.0,635.0,1140.0,1645.0,0.3860182370820669
401,LHL.DCE,20210908,13800.0,13810.0,13880.0,13980.0,13880.0,13980.0,13930.0,170.0,120.0,2.0,44.58,14.0,,13265.0,715.0,80.0,1725.0,0.4144927536231884
402,LHL.DCE,20210907,13500.0,13620.0,13870.0,13870.0,13700.0,13800.0,13810.0,180.0,190.0,4.0,88.38,16.0,,13265.0,535.0,180.0,1905.0,0.28083989501312334
403,LHL.DCE,20210906,13380.0,13160.0,13580.0,13675.0,13500.0,13500.0,13620.0,340.0,460.0,7.0,152.58,20.0,,13265.0,235.0,300.0,2205.0,0.10657596371882086
404,LHL.DCE,20210903,13200.0,13015.0,13180.0,13380.0,13000.0,13380.0,13160.0,365.0,145.0,8.0,168.46,27.0,,13265.0,115.0,120.0,2325.0,0.04946236559139785
405,LHL.DCE,20210902,13300.0,13450.0,13500.0,13500.0,12650.0,13200.0,13015.0,-250.0,-435.0,9.0,187.47,35.0,,13265.0,65.0,180.0,2505.0,0.02594810379241517
406,LHL.DCE,20210901,13820.0,14055.0,13820.0,15140.0,12935.0,13300.0,13450.0,-755.0,-605.0,190.0,4089.65,41.0,,13265.0,35.0,100.0,2605.0,0.013435700575815739
407,LHL.DCE,20210831,14080.0,14070.0,14305.0,14470.0,13810.0,13820.0,14055.0,-250.0,-15.0,2947.0,66279.81,130.0,,13265.0,555.0,520.0,3125.0,0.1776
408,LHL.DCE,20210830,14360.0,14435.0,14265.0,14265.0,13960.0,14080.0,14070.0,-355.0,-365.0,2604.0,58637.32,2448.0,,13265.0,815.0,260.0,3385.0,0.24076809453471196
409,LHL.DCE,20210827,14675.0,14735.0,14675.0,14675.0,14350.0,14360.0,14435.0,-375.0,-300.0,2413.0,55732.68,4076.0,,12760.0,1600.0,280.0,3160.0,0.5063291139240507
410,LHL.DCE,20210826,14650.0,14825.0,14650.0,14960.0,14520.0,14675.0,14735.0,-150.0,-90.0,2776.0,65469.01,5382.0,,13900.0,775.0,315.0,2335.0,0.33190578158458245
411,LHL.DCE,20210825,15100.0,15295.0,15110.0,15185.0,14610.0,14650.0,14825.0,-645.0,-470.0,4701.0,111510.29,6538.0,,13980.0,670.0,25.0,2280.0,0.29385964912280704
412,LHL.DCE,20210824,15565.0,15585.0,15500.0,15580.0,15100.0,15100.0,15295.0,-485.0,-290.0,3474.0,85028.33,8198.0,,13800.0,1300.0,450.0,2550.0,0.5098039215686274
413,LHL.DCE,20210823,15860.0,15845.0,15620.0,15735.0,15515.0,15565.0,15585.0,-280.0,-260.0,3523.0,87856.02,9619.0,,13500.0,2065.0,465.0,2715.0,0.7605893186003683
414,LHL.DCE,20210820,15595.0,15700.0,15620.0,15995.0,15620.0,15860.0,15845.0,160.0,145.0,5475.0,138845.74,11176.0,,13380.0,2480.0,295.0,2890.0,0.8581314878892734
415,LHL.DCE,20210819,15995.0,16090.0,15970.0,16075.0,15505.0,15595.0,15700.0,-495.0,-390.0,9420.0,236673.6,12840.0,,13200.0,2395.0,265.0,2975.0,0.8050420168067227
416,LHL.DCE,20210818,16075.0,16085.0,16035.0,16225.0,15965.0,15995.0,16090.0,-90.0,5.0,7158.0,184313.78,16695.0,,13300.0,2695.0,400.0,3275.0,0.8229007633587786
417,LHL.DCE,20210817,16160.0,16490.0,16160.0,16260.0,15955.0,16075.0,16085.0,-415.0,-405.0,12037.0,309841.9,18250.0,,13820.0,2255.0,80.0,2835.0,0.7954144620811288
418,LHL.DCE,20210816,16720.0,16865.0,16800.0,16880.0,16140.0,16160.0,16490.0,-705.0,-375.0,14652.0,386623.33,20620.0,,14080.0,2080.0,85.0,2660.0,0.7819548872180451
419,LHL.DCE,20210813,17055.0,17055.0,17000.0,17080.0,16680.0,16720.0,16865.0,-335.0,-190.0,10536.0,284304.38,20793.0,,14360.0,2360.0,560.0,2940.0,0.8027210884353742
420,LHL.DCE,20210812,17085.0,16990.0,17000.0,17195.0,16870.0,17055.0,17055.0,65.0,65.0,11215.0,306080.78,21211.0,,14675.0,2380.0,335.0,2960.0,0.8040540540540541
421,LHL.DCE,20210811,17025.0,17210.0,16990.0,17150.0,16830.0,17085.0,16990.0,-125.0,-220.0,11446.0,311150.29,23983.0,,14650.0,2435.0,30.0,2965.0,0.821247892074199
422,LHL.DCE,20210810,17365.0,17580.0,17320.0,17450.0,17005.0,17025.0,17210.0,-555.0,-370.0,11634.0,320415.8,24354.0,,15100.0,1925.0,60.0,2575.0,0.7475728155339806
423,LHL.DCE,20210809,17550.0,17520.0,17700.0,17930.0,17325.0,17365.0,17580.0,-155.0,60.0,10498.0,295354.03,24451.0,,15565.0,1800.0,340.0,2450.0,0.7346938775510204
424,LHL.DCE,20210806,17400.0,17355.0,17260.0,17600.0,17260.0,17550.0,17520.0,195.0,165.0,11942.0,334772.5,25212.0,,15860.0,1690.0,185.0,2340.0,0.7222222222222222
425,LHL.DCE,20210805,17440.0,17610.0,17400.0,17520.0,17215.0,17400.0,17355.0,-210.0,-255.0,12444.0,345582.36,25688.0,,15595.0,1805.0,150.0,2225.0,0.8112359550561797
426,LHL.DCE,20210804,17785.0,17975.0,17785.0,18030.0,17435.0,17440.0,17610.0,-535.0,-365.0,18174.0,512100.31,25185.0,,15995.0,1445.0,40.0,1865.0,0.774798927613941
427,LHL.DCE,20210803,18160.0,18245.0,18050.0,18255.0,17705.0,17785.0,17975.0,-460.0,-270.0,16705.0,480457.62,23159.0,,16075.0,1710.0,345.0,2130.0,0.8028169014084507
428,LHL.DCE,20210802,18765.0,18790.0,18585.0,18600.0,17855.0,18160.0,18245.0,-630.0,-545.0,14252.0,416098.45,20758.0,,16160.0,2000.0,375.0,2420.0,0.8264462809917356
429,LHL.DCE,20210730,18600.0,18620.0,18645.0,18900.0,18645.0,18765.0,18790.0,145.0,170.0,11740.0,352981.61,20607.0,,16720.0,2045.0,605.0,2465.0,0.8296146044624746
430,LHL.DCE,20210729,18430.0,18430.0,18500.0,18750.0,18445.0,18600.0,18620.0,170.0,190.0,10964.0,326687.05,22764.0,,17055.0,1545.0,165.0,2295.0,0.673202614379085
431,LHL.DCE,20210728,18390.0,18415.0,18520.0,18520.0,18335.0,18430.0,18430.0,15.0,15.0,5817.0,171559.19,22574.0,,17085.0,1345.0,170.0,2435.0,0.5523613963039015
432,LHL.DCE,20210727,18460.0,18410.0,18385.0,18520.0,18310.0,18390.0,18415.0,-20.0,5.0,7748.0,228343.54,23951.0,,17025.0,1365.0,40.0,2415.0,0.5652173913043478
433,LHL.DCE,20210726,18295.0,18250.0,18500.0,18600.0,18200.0,18460.0,18410.0,210.0,160.0,13812.0,406924.85,24681.0,,17365.0,1095.0,70.0,2145.0,0.5104895104895105
434,LHL.DCE,20210723,18375.0,18545.0,18300.0,18485.0,18050.0,18295.0,18250.0,-250.0,-295.0,13679.0,399441.05,26834.0,,17550.0,745.0,165.0,2125.0,0.35058823529411764
435,LHL.DCE,20210722,18740.0,18845.0,18700.0,18700.0,18375.0,18375.0,18545.0,-470.0,-300.0,11220.0,332986.26,25450.0,,17400.0,975.0,80.0,2055.0,0.4744525547445255
436,LHL.DCE,20210721,18840.0,18925.0,18950.0,19050.0,18600.0,18740.0,18845.0,-185.0,-80.0,12822.0,386612.65,26128.0,,17440.0,1300.0,365.0,2380.0,0.5462184873949579
437,LHL.DCE,20210720,18785.0,18675.0,18750.0,19070.0,18700.0,18840.0,18925.0,165.0,250.0,16878.0,511070.52,26746.0,,17785.0,1055.0,100.0,2135.0,0.49414519906323184
438,LHL.DCE,20210719,18400.0,18295.0,18500.0,18895.0,18450.0,18785.0,18675.0,490.0,380.0,16763.0,500926.13,28269.0,,18160.0,625.0,55.0,1815.0,0.3443526170798898
439,LHL.DCE,20210716,18120.0,18155.0,18125.0,18480.0,18075.0,18400.0,18295.0,245.0,140.0,12550.0,367385.8,28742.0,,18765.0,365.0,385.0,1595.0,0.22884012539184953
440,LHL.DCE,20210715,18210.0,18130.0,18080.0,18275.0,17955.0,18120.0,18155.0,-10.0,25.0,13268.0,385431.27,31054.0,,18600.0,480.0,280.0,1710.0,0.2807017543859649
441,LHL.DCE,20210714,18270.0,18485.0,18260.0,18385.0,17905.0,18210.0,18130.0,-275.0,-355.0,23843.0,691653.29,31529.0,,18430.0,220.0,90.0,1630.0,0.13496932515337423
442,LHL.DCE,20210713,18760.0,18840.0,18760.0,18825.0,18210.0,18270.0,18485.0,-570.0,-355.0,20575.0,608594.8,31571.0,,18390.0,120.0,60.0,1650.0,0.07272727272727272
443,LHL.DCE,20210712,19165.0,18995.0,19000.0,19000.0,18730.0,18760.0,18840.0,-235.0,-155.0,16953.0,511101.46,28396.0,,18460.0,300.0,490.0,2070.0,0.14492753623188406
444,LHL.DCE,20210709,18865.0,18760.0,19000.0,19200.0,18850.0,19165.0,18995.0,405.0,235.0,13633.0,414400.86,28641.0,,18295.0,870.0,405.0,2310.0,0.37662337662337664
445,LHL.DCE,20210708,18625.0,18800.0,18700.0,18950.0,18510.0,18865.0,18760.0,65.0,-40.0,17375.0,521655.38,29110.0,,18375.0,490.0,300.0,2530.0,0.19367588932806323
446,LHL.DCE,20210707,18985.0,18890.0,18900.0,19100.0,18340.0,18625.0,18800.0,-265.0,-90.0,24967.0,751031.54,31777.0,,18740.0,115.0,240.0,2405.0,0.04781704781704782
447,LHL.DCE,20210706,18745.0,18855.0,18800.0,19045.0,18740.0,18985.0,18890.0,130.0,35.0,15725.0,475392.92,30059.0,,18840.0,145.0,360.0,2665.0,0.054409005628517824
448,LHL.DCE,20210705,18580.0,18600.0,18800.0,19105.0,18620.0,18745.0,18855.0,145.0,255.0,24291.0,732926.89,31997.0,,18785.0,40.0,240.0,2850.0,0.014035087719298246
449,LHL.DCE,20210702,18890.0,19265.0,18980.0,18980.0,18435.0,18580.0,18600.0,-685.0,-665.0,29355.0,873742.82,31716.0,,18400.0,180.0,165.0,2630.0,0.06844106463878327
450,LHL.DCE,20210701,19370.0,19305.0,19480.0,19615.0,18730.0,18890.0,19265.0,-415.0,-40.0,34774.0,1072000.52,32931.0,,18120.0,770.0,310.0,2660.0,0.2894736842105263
451,LHL.DCE,20210630,19240.0,19060.0,19200.0,19480.0,19065.0,19370.0,19305.0,310.0,245.0,24653.0,761647.66,32583.0,,18210.0,1160.0,480.0,3050.0,0.380327868852459
452,LHL.DCE,20210629,18925.0,19015.0,18820.0,19285.0,18820.0,19240.0,19060.0,225.0,45.0,28665.0,874264.31,33606.0,,18270.0,970.0,130.0,3120.0,0.3108974358974359
453,LHL.DCE,20210628,18925.0,18590.0,19600.0,19800.0,18620.0,18925.0,19015.0,335.0,425.0,54502.0,1658464.46,34785.0,,18760.0,165.0,315.0,2945.0,0.05602716468590832
454,LHL.DCE,20210625,17840.0,17980.0,17980.0,18940.0,17980.0,18925.0,18590.0,945.0,610.0,46490.0,1382869.54,33324.0,,19165.0,240.0,0.0,2540.0,0.09448818897637795
455,LHL.DCE,20210624,18160.0,17645.0,18200.0,18350.0,17665.0,17840.0,17980.0,195.0,335.0,43509.0,1251927.93,36921.0,,18865.0,1025.0,1085.0,3325.0,0.3082706766917293
456,LHL.DCE,20210623,17040.0,17015.0,17100.0,18165.0,17100.0,18160.0,17645.0,1145.0,630.0,52537.0,1483389.48,36640.0,,18625.0,465.0,320.0,3405.0,0.13656387665198239
457,LHL.DCE,20210622,16735.0,17105.0,16690.0,17280.0,16675.0,17040.0,17015.0,-65.0,-90.0,45223.0,1231307.03,41226.0,,18985.0,1945.0,1120.0,4165.0,0.4669867947178872
458,LHL.DCE,20210621,17600.0,17955.0,17400.0,17490.0,16710.0,16735.0,17105.0,-1220.0,-850.0,39100.0,1070105.67,41775.0,,18745.0,2010.0,305.0,4230.0,0.475177304964539
459,LHL.DCE,20210618,18465.0,18775.0,18200.0,18415.0,17600.0,17600.0,17955.0,-1175.0,-820.0,30579.0,878638.83,37127.0,,18580.0,980.0,865.0,4930.0,0.19878296146044624
460,LHL.DCE,20210617,18970.0,19035.0,18890.0,19150.0,18400.0,18465.0,18775.0,-570.0,-260.0,22702.0,682102.07,33768.0,,18890.0,425.0,865.0,5485.0,0.07748404740200547
461,LHL.DCE,20210616,18810.0,19035.0,18810.0,19270.0,18800.0,18970.0,19035.0,-65.0,0.0,18612.0,566987.3,30410.0,,19370.0,400.0,505.0,5510.0,0.07259528130671507
462,LHL.DCE,20210615,19795.0,19960.0,19310.0,19495.0,18550.0,18810.0,19035.0,-1150.0,-925.0,23417.0,713297.29,30375.0,,19240.0,430.0,160.0,5540.0,0.0776173285198556
463,LHL.DCE,20210611,19935.0,20125.0,19930.0,20150.0,19730.0,19795.0,19960.0,-330.0,-165.0,12721.0,406272.67,27353.0,,18925.0,870.0,985.0,6210.0,0.14009661835748793
464,LHL.DCE,20210610,20215.0,20195.0,20050.0,20440.0,19860.0,19935.0,20125.0,-260.0,-70.0,16475.0,530565.43,28118.0,,18925.0,1010.0,140.0,6350.0,0.15905511811023623
465,LHL.DCE,20210609,19770.0,20080.0,19620.0,20670.0,19555.0,20215.0,20195.0,135.0,115.0,33626.0,1086697.14,26586.0,,17840.0,2375.0,280.0,5545.0,0.42831379621280435
466,LHL.DCE,20210608,20025.0,19815.0,20200.0,20395.0,19735.0,19770.0,20080.0,-45.0,265.0,17528.0,563185.18,26180.0,,18160.0,1610.0,445.0,5670.0,0.2839506172839506
467,LHL.DCE,20210607,19870.0,20090.0,19670.0,20355.0,19310.0,20025.0,19815.0,-65.0,-275.0,28848.0,914625.01,25607.0,,17040.0,2985.0,255.0,4805.0,0.6212278876170656
468,LHL.DCE,20210604,20640.0,20780.0,20500.0,20500.0,19830.0,19870.0,20090.0,-910.0,-690.0,20899.0,671896.46,25137.0,,16735.0,3135.0,155.0,4655.0,0.673469387755102
469,LHL.DCE,20210603,21525.0,21770.0,21500.0,21500.0,20170.0,20640.0,20780.0,-1130.0,-990.0,21082.0,700962.56,22179.0,,17600.0,3040.0,770.0,4560.0,0.6666666666666666
470,LHL.DCE,20210602,22025.0,22245.0,21980.0,22190.0,21435.0,21525.0,21770.0,-720.0,-475.0,10779.0,375471.48,19676.0,,18465.0,3060.0,885.0,4580.0,0.6681222707423581
471,LHL.DCE,20210601,22245.0,22330.0,22360.0,22520.0,22000.0,22025.0,22245.0,-305.0,-85.0,7739.0,275496.26,18152.0,,18970.0,3055.0,500.0,4575.0,0.66775956284153
472,LHL.DCE,20210531,22485.0,22670.0,22410.0,22695.0,22035.0,22245.0,22330.0,-425.0,-340.0,8927.0,318975.98,17361.0,,18810.0,3435.0,220.0,4635.0,0.7411003236245954
473,LHL.DCE,20210528,22445.0,22630.0,22425.0,23395.0,22425.0,22485.0,22670.0,-145.0,40.0,6879.0,249566.28,16836.0,,19795.0,2690.0,240.0,3890.0,0.6915167095115681
474,LHL.DCE,20210527,23120.0,23410.0,23000.0,23000.0,22400.0,22445.0,22630.0,-965.0,-780.0,9478.0,343222.13,17107.0,,19935.0,2510.0,40.0,3790.0,0.662269129287599
475,LHL.DCE,20210526,23895.0,23970.0,23760.0,23760.0,23100.0,23120.0,23410.0,-850.0,-560.0,7311.0,273865.33,16301.0,,20215.0,2905.0,675.0,4185.0,0.6941457586618877
476,LHL.DCE,20210525,23940.0,23845.0,24050.0,24300.0,23620.0,23895.0,23970.0,50.0,125.0,5569.0,213613.41,14728.0,,19770.0,4125.0,775.0,4515.0,0.9136212624584718
477,LHL.DCE,20210524,23890.0,23880.0,23880.0,24050.0,23430.0,23940.0,23845.0,60.0,-35.0,5008.0,191092.1,15029.0,,20025.0,3915.0,45.0,4305.0,0.9094076655052264
478,LHL.DCE,20210521,23565.0,23470.0,23500.0,24200.0,23380.0,23890.0,23880.0,420.0,410.0,7302.0,278995.63,15010.0,,19870.0,4020.0,50.0,4200.0,0.9571428571428572
479,LHL.DCE,20210520,23550.0,23975.0,23400.0,23870.0,23080.0,23565.0,23470.0,-410.0,-505.0,7762.0,291492.7,15537.0,,20640.0,2925.0,325.0,3755.0,0.7789613848202397
480,LHL.DCE,20210519,24585.0,24730.0,24515.0,24515.0,23550.0,23550.0,23975.0,-1180.0,-755.0,9747.0,373965.64,15687.0,,21525.0,2025.0,15.0,2885.0,0.7019064124783362
481,LHL.DCE,20210518,24940.0,24900.0,24940.0,25090.0,24500.0,24585.0,24730.0,-315.0,-170.0,5637.0,223052.96,13151.0,,22025.0,2560.0,1035.0,3420.0,0.7485380116959064
482,LHL.DCE,20210517,24970.0,24790.0,24900.0,25000.0,24800.0,24940.0,24900.0,150.0,110.0,2468.0,98328.54,11982.0,,22245.0,2695.0,355.0,3555.0,0.7580872011251758
483,LHL.DCE,20210514,25020.0,24950.0,25020.0,25130.0,24420.0,24970.0,24790.0,20.0,-160.0,6993.0,277408.28,12005.0,,22485.0,2485.0,30.0,3345.0,0.7428998505231689
484,LHL.DCE,20210513,25255.0,25270.0,25210.0,25250.0,24710.0,25020.0,24950.0,-250.0,-320.0,4982.0,198895.02,11666.0,,22445.0,2575.0,50.0,3355.0,0.767511177347243
485,LHL.DCE,20210512,24950.0,24960.0,25000.0,25500.0,25000.0,25255.0,25270.0,295.0,310.0,5299.0,214276.46,11988.0,,23120.0,2135.0,235.0,2915.0,0.7324185248713551
486,LHL.DCE,20210511,25005.0,25750.0,24960.0,25180.0,24750.0,24950.0,24960.0,-800.0,-790.0,5988.0,239137.88,12311.0,,23895.0,1055.0,305.0,2445.0,0.43149284253578735
487,LHL.DCE,20210510,26900.0,26805.0,26700.0,26750.0,24975.0,25005.0,25750.0,-1800.0,-1055.0,10732.0,442191.06,12337.0,,23940.0,1065.0,55.0,2455.0,0.43380855397148677
488,LHL.DCE,20210507,26700.0,26775.0,26700.0,26945.0,26485.0,26900.0,26805.0,125.0,30.0,2773.0,118947.38,11337.0,,23890.0,3010.0,1895.0,4300.0,0.7
489,LHL.DCE,20210506,27290.0,27335.0,27000.0,27160.0,26405.0,26700.0,26775.0,-635.0,-560.0,5508.0,236006.0,11707.0,,23565.0,3135.0,200.0,4175.0,0.7508982035928143
490,LHL.DCE,20210430,27320.0,27200.0,27320.0,27480.0,27200.0,27290.0,27335.0,90.0,135.0,1967.0,86029.18,10822.0,,23550.0,3740.0,590.0,4750.0,0.7873684210526316
491,LHL.DCE,20210429,27250.0,27170.0,27210.0,27385.0,27075.0,27320.0,27200.0,150.0,30.0,1601.0,69686.02,10991.0,,24585.0,2735.0,30.0,3745.0,0.7303070761014686
492,LHL.DCE,20210428,27035.0,27080.0,26875.0,27355.0,26850.0,27250.0,27170.0,170.0,90.0,2057.0,89422.44,10795.0,,24940.0,2310.0,70.0,3460.0,0.6676300578034682
493,LHL.DCE,20210427,27370.0,27440.0,27400.0,27440.0,26660.0,27035.0,27080.0,-405.0,-360.0,2685.0,116346.84,10971.0,,24970.0,2065.0,215.0,3645.0,0.5665294924554184
494,LHL.DCE,20210426,27720.0,27680.0,27680.0,27680.0,27330.0,27370.0,27440.0,-310.0,-240.0,3446.0,151298.05,11274.0,,25020.0,2350.0,335.0,3930.0,0.5979643765903307
495,LHL.DCE,20210423,27195.0,27205.0,27195.0,27990.0,27195.0,27720.0,27680.0,515.0,475.0,6524.0,288959.86,12092.0,,25255.0,2465.0,350.0,4045.0,0.6093943139678616
496,LHL.DCE,20210422,27170.0,27055.0,27155.0,27330.0,27050.0,27195.0,27205.0,140.0,150.0,1818.0,79144.34,10839.0,,24950.0,2245.0,525.0,4265.0,0.5263774912075029
497,LHL.DCE,20210421,27110.0,27230.0,26995.0,27180.0,26755.0,27170.0,27055.0,-60.0,-175.0,1761.0,76233.06,10797.0,,25005.0,2165.0,25.0,4235.0,0.5112160566706021
498,LHL.DCE,20210420,27180.0,27065.0,27180.0,27480.0,27110.0,27110.0,27230.0,45.0,165.0,1755.0,76464.56,10699.0,,26900.0,210.0,60.0,2400.0,0.0875
499,LHL.DCE,20210419,26920.0,26925.0,26900.0,27245.0,26800.0,27180.0,27065.0,255.0,140.0,2564.0,111050.09,10694.0,,26700.0,480.0,70.0,2270.0,0.21145374449339208
500,LHL.DCE,20210416,27190.0,27330.0,27000.0,27150.0,26785.0,26920.0,26925.0,-410.0,-405.0,3478.0,149843.22,10624.0,,27290.0,370.0,260.0,1940.0,0.19072164948453607
501,LHL.DCE,20210415,27425.0,27505.0,27280.0,27495.0,27150.0,27190.0,27330.0,-315.0,-175.0,2235.0,97739.94,10516.0,,27320.0,130.0,270.0,2180.0,0.05963302752293578
502,LHL.DCE,20210414,27605.0,27365.0,27365.0,27700.0,27350.0,27425.0,27505.0,60.0,140.0,2315.0,101891.7,10478.0,,27250.0,175.0,235.0,2345.0,0.07462686567164178
503,LHL.DCE,20210413,27095.0,27100.0,27300.0,27640.0,27120.0,27605.0,27365.0,505.0,265.0,3436.0,150459.13,10659.0,,27035.0,570.0,180.0,2310.0,0.24675324675324675
504,LHL.DCE,20210412,26610.0,26685.0,26830.0,27345.0,26815.0,27095.0,27100.0,410.0,415.0,4175.0,181046.91,10592.0,,27370.0,275.0,510.0,2485.0,0.11066398390342053
505,LHL.DCE,20210409,26920.0,26955.0,26995.0,27070.0,26465.0,26610.0,26685.0,-345.0,-270.0,3555.0,151812.46,10638.0,,27720.0,1110.0,485.0,2620.0,0.42366412213740456
506,LHL.DCE,20210408,26810.0,26840.0,26740.0,27320.0,26615.0,26920.0,26955.0,80.0,115.0,2583.0,111411.35,10723.0,,27195.0,275.0,310.0,2405.0,0.11434511434511435
507,LHL.DCE,20210407,27120.0,27315.0,27050.0,27120.0,26665.0,26810.0,26840.0,-505.0,-475.0,3445.0,147942.17,10749.0,,27170.0,360.0,110.0,2490.0,0.14457831325301204
508,LHL.DCE,20210406,27660.0,27680.0,27230.0,27495.0,27060.0,27120.0,27315.0,-560.0,-365.0,2436.0,106467.79,10764.0,,27110.0,10.0,310.0,2740.0,0.0036496350364963502
509,LHL.DCE,20210402,27940.0,27550.0,27940.0,27940.0,27535.0,27660.0,27680.0,110.0,130.0,3255.0,144172.61,10751.0,,27180.0,480.0,540.0,3210.0,0.14953271028037382
510,LHL.DCE,20210401,26985.0,26895.0,27110.0,27995.0,26870.0,27940.0,27550.0,1045.0,655.0,6534.0,288035.62,11547.0,,26920.0,1020.0,280.0,3230.0,0.3157894736842105
511,LHL.DCE,20210331,27030.0,26920.0,26870.0,27130.0,26655.0,26985.0,26895.0,65.0,-25.0,3481.0,149797.3,10842.0,,27190.0,205.0,955.0,3915.0,0.05236270753512133
512,LHL.DCE,20210330,26555.0,26765.0,26480.0,27230.0,26310.0,27030.0,26920.0,265.0,155.0,4615.0,198813.72,11358.0,,27425.0,395.0,45.0,3725.0,0.10604026845637583
513,LHL.DCE,20210329,27215.0,27350.0,27000.0,27030.0,26520.0,26555.0,26765.0,-795.0,-585.0,5143.0,220277.74,11456.0,,27605.0,1050.0,475.0,4020.0,0.26119402985074625
514,LHL.DCE,20210326,27520.0,27705.0,27500.0,27570.0,27215.0,27215.0,27350.0,-490.0,-355.0,3136.0,137234.18,10898.0,,27095.0,120.0,660.0,4170.0,0.02877697841726619
515,LHL.DCE,20210325,28000.0,28020.0,27850.0,27980.0,27520.0,27520.0,27705.0,-500.0,-315.0,3065.0,135866.68,10666.0,,26610.0,910.0,305.0,3990.0,0.22807017543859648
516,LHL.DCE,20210324,28135.0,28135.0,28000.0,28190.0,27850.0,28000.0,28020.0,-135.0,-115.0,1963.0,88019.23,10373.0,,26920.0,1080.0,480.0,4160.0,0.25961538461538464
517,LHL.DCE,20210323,28250.0,28205.0,28280.0,28325.0,27960.0,28135.0,28135.0,-70.0,-70.0,1704.0,76711.1,10459.0,,26810.0,1325.0,135.0,4185.0,0.31660692951015534
518,LHL.DCE,20210322,28505.0,28425.0,28455.0,28470.0,27935.0,28250.0,28205.0,-175.0,-220.0,3574.0,161310.99,10894.0,,27120.0,1130.0,115.0,3990.0,0.2832080200501253
519,LHL.DCE,20210319,28470.0,28505.0,28205.0,28600.0,28135.0,28505.0,28425.0,0.0,-80.0,2824.0,128445.45,11081.0,,27660.0,845.0,255.0,3705.0,0.22807017543859648
520,LHL.DCE,20210318,28610.0,28550.0,28470.0,28630.0,28365.0,28470.0,28505.0,-80.0,-45.0,2409.0,109878.77,11048.0,,27940.0,530.0,35.0,3460.0,0.1531791907514451
521,LHL.DCE,20210317,28450.0,28425.0,28390.0,28760.0,28310.0,28610.0,28550.0,185.0,125.0,2806.0,128189.19,11672.0,,26985.0,1625.0,140.0,2645.0,0.6143667296786389
522,LHL.DCE,20210316,28405.0,28580.0,28370.0,28695.0,28120.0,28450.0,28425.0,-130.0,-155.0,2592.0,117901.95,11223.0,,27030.0,1420.0,160.0,2760.0,0.5144927536231884
523,LHL.DCE,20210315,28750.0,28700.0,28785.0,28995.0,28280.0,28405.0,28580.0,-295.0,-120.0,4380.0,200319.38,11681.0,,26555.0,1850.0,45.0,2330.0,0.7939914163090128
524,LHL.DCE,20210312,28595.0,28200.0,28880.0,28885.0,28485.0,28750.0,28700.0,550.0,500.0,3588.0,164762.19,12073.0,,27215.0,1535.0,345.0,2015.0,0.7617866004962779
525,LHL.DCE,20210311,28050.0,27700.0,28000.0,28755.0,27805.0,28595.0,28200.0,895.0,500.0,5980.0,269862.94,12362.0,,27520.0,1075.0,155.0,1865.0,0.5764075067024129
526,LHL.DCE,20210310,27900.0,28235.0,27880.0,28300.0,27200.0,28050.0,27700.0,-185.0,-535.0,9535.0,422640.2,12582.0,,28000.0,50.0,545.0,1930.0,0.025906735751295335
527,LHL.DCE,20210309,28545.0,28630.0,28465.0,28615.0,27820.0,27900.0,28235.0,-730.0,-395.0,4897.0,221232.42,12848.0,,28135.0,235.0,150.0,1945.0,0.12082262210796915
528,LHL.DCE,20210308,28400.0,28285.0,28550.0,28900.0,28400.0,28545.0,28630.0,260.0,345.0,3651.0,167268.39,12516.0,,28250.0,295.0,645.0,2475.0,0.1191919191919192
529,LHL.DCE,20210305,28845.0,28910.0,28865.0,28880.0,27000.0,28400.0,28285.0,-510.0,-625.0,8233.0,372614.1,12650.0,,28505.0,105.0,145.0,2365.0,0.04439746300211417
530,LHL.DCE,20210304,28785.0,28765.0,28745.0,29115.0,28550.0,28845.0,28910.0,80.0,145.0,3695.0,170923.8,12813.0,,28470.0,375.0,445.0,2775.0,0.13513513513513514
531,LHL.DCE,20210303,28750.0,28860.0,28945.0,29000.0,28510.0,28785.0,28765.0,-75.0,-95.0,3709.0,170704.33,13105.0,,28610.0,175.0,60.0,2695.0,0.06493506493506493
532,LHL.DCE,20210302,29185.0,29100.0,29150.0,29250.0,28500.0,28750.0,28860.0,-350.0,-240.0,6560.0,302936.42,13518.0,,28450.0,300.0,35.0,2570.0,0.11673151750972763
533,LHL.DCE,20210301,28970.0,28875.0,29430.0,29435.0,28800.0,29185.0,29100.0,310.0,225.0,5271.0,245441.36,14013.0,,28405.0,780.0,435.0,2960.0,0.2635135135135135
534,LHL.DCE,20210226,28915.0,28830.0,28800.0,29325.0,28440.0,28970.0,28875.0,140.0,45.0,8485.0,392052.21,14493.0,,28750.0,220.0,215.0,2830.0,0.07773851590106007
535,LHL.DCE,20210225,28900.0,28985.0,29000.0,29140.0,28630.0,28915.0,28830.0,-70.0,-155.0,7317.0,337547.51,14880.0,,28595.0,320.0,55.0,2730.0,0.11721611721611722
536,LHL.DCE,20210224,28980.0,28635.0,29600.0,29805.0,28600.0,28900.0,28985.0,265.0,350.0,10008.0,464166.75,15697.0,,28050.0,850.0,15.0,2200.0,0.38636363636363635
537,LHL.DCE,20210223,29380.0,28755.0,29350.0,29380.0,28050.0,28980.0,28635.0,225.0,-120.0,16187.0,741721.26,16552.0,,27900.0,1080.0,80.0,2130.0,0.5070422535211268
538,LHL.DCE,20210222,28330.0,27910.0,28350.0,29430.0,28115.0,29380.0,28755.0,1470.0,845.0,15830.0,728404.3,18856.0,,28545.0,835.0,400.0,1885.0,0.44297082228116713
539,LHL.DCE,20210219,27000.0,26830.0,27100.0,28390.0,27055.0,28330.0,27910.0,1500.0,1080.0,16334.0,729419.19,21176.0,,28400.0,70.0,1050.0,2790.0,0.025089605734767026
540,LHL.DCE,20210218,26705.0,26665.0,27000.0,27100.0,26525.0,27000.0,26830.0,335.0,165.0,5803.0,249129.43,20245.0,,28845.0,1845.0,1330.0,3675.0,0.5020408163265306
541,LHL.DCE,20210210,26845.0,26805.0,26845.0,26870.0,26500.0,26705.0,26665.0,-100.0,-140.0,4436.0,189281.29,19412.0,,28785.0,2080.0,295.0,3910.0,0.5319693094629157
542,LHL.DCE,20210209,26900.0,26880.0,26900.0,27110.0,26400.0,26845.0,26805.0,-35.0,-75.0,6343.0,272043.1,19375.0,,28750.0,1905.0,140.0,4015.0,0.47447073474470736
543,LHL.DCE,20210208,26170.0,25845.0,26225.0,27400.0,26225.0,26900.0,26880.0,1055.0,1035.0,13460.0,578969.74,19705.0,,29185.0,2285.0,55.0,3635.0,0.6286107290233838
544,LHL.DCE,20210205,25445.0,25380.0,25500.0,26175.0,25500.0,26170.0,25845.0,790.0,465.0,8802.0,363985.18,19213.0,,28970.0,2800.0,730.0,4150.0,0.6746987951807228
545,LHL.DCE,20210204,25315.0,25355.0,25325.0,25485.0,25250.0,25445.0,25380.0,90.0,25.0,4078.0,165625.96,18364.0,,28915.0,3470.0,725.0,4820.0,0.7199170124481328
546,LHL.DCE,20210203,25380.0,25720.0,25300.0,25555.0,25210.0,25315.0,25355.0,-405.0,-365.0,7046.0,285894.68,18399.0,,28900.0,3585.0,130.0,4935.0,0.7264437689969605
547,LHL.DCE,20210202,25685.0,25640.0,25700.0,26040.0,25300.0,25380.0,25720.0,-260.0,80.0,11849.0,487617.88,18831.0,,28980.0,3600.0,65.0,4920.0,0.7317073170731707
548,LHL.DCE,20210201,25570.0,25470.0,25600.0,25970.0,25420.0,25685.0,25640.0,215.0,170.0,6161.0,252756.92,18539.0,,29380.0,3695.0,305.0,4825.0,0.7658031088082902
549,LHL.DCE,20210129,25190.0,25310.0,25295.0,25620.0,25280.0,25570.0,25470.0,260.0,160.0,8596.0,350367.79,17760.0,,28330.0,2760.0,115.0,3890.0,0.7095115681233933
550,LHL.DCE,20210128,25275.0,25385.0,25150.0,25535.0,25020.0,25190.0,25310.0,-195.0,-75.0,8710.0,352730.19,17581.0,,27000.0,1810.0,380.0,2940.0,0.6156462585034014
551,LHL.DCE,20210127,25555.0,25390.0,25610.0,25645.0,25200.0,25275.0,25385.0,-115.0,-5.0,8352.0,339245.3,17942.0,,26705.0,1430.0,85.0,2730.0,0.5238095238095238
552,LHL.DCE,20210126,24930.0,24970.0,25100.0,25770.0,24925.0,25555.0,25390.0,585.0,420.0,17784.0,722480.36,17980.0,,26845.0,1290.0,280.0,2870.0,0.44947735191637633
553,LHL.DCE,20210125,24565.0,24770.0,24510.0,25300.0,24510.0,24930.0,24970.0,160.0,200.0,10872.0,434365.52,16900.0,,26900.0,1970.0,625.0,3440.0,0.5726744186046512
554,LHL.DCE,20210122,24870.0,25010.0,24860.0,25045.0,24530.0,24565.0,24770.0,-445.0,-240.0,8147.0,322932.26,17412.0,,26170.0,1605.0,365.0,3075.0,0.5219512195121951
555,LHL.DCE,20210121,24910.0,24870.0,24910.0,25185.0,24800.0,24870.0,25010.0,0.0,140.0,6694.0,267882.11,17278.0,,25445.0,575.0,305.0,2655.0,0.21657250470809794
556,LHL.DCE,20210120,25025.0,25065.0,25005.0,25090.0,24500.0,24910.0,24870.0,-155.0,-195.0,7832.0,311666.78,17573.0,,25315.0,405.0,40.0,2565.0,0.15789473684210525
557,LHL.DCE,20210119,25140.0,25320.0,25185.0,25390.0,24880.0,25025.0,25065.0,-295.0,-255.0,8816.0,353579.56,17800.0,,25380.0,355.0,115.0,2615.0,0.13575525812619502
558,LHL.DCE,20210118,24725.0,24825.0,24825.0,25780.0,24805.0,25140.0,25320.0,315.0,495.0,19855.0,804470.17,18535.0,,25685.0,545.0,115.0,2425.0,0.22474226804123712
559,LHL.DCE,20210115,24890.0,25475.0,25155.0,25155.0,24460.0,24725.0,24825.0,-750.0,-650.0,20257.0,804652.62,18594.0,,25570.0,845.0,415.0,2725.0,0.3100917431192661
560,LHL.DCE,20210114,25870.0,25985.0,25805.0,26155.0,24860.0,24890.0,25475.0,-1095.0,-510.0,24216.0,987229.28,18719.0,,25190.0,300.0,165.0,2510.0,0.11952191235059761
561,LHL.DCE,20210113,25560.0,25795.0,25830.0,26350.0,25715.0,25870.0,25985.0,75.0,190.0,16470.0,684797.82,17050.0,,25275.0,595.0,980.0,3405.0,0.17474302496328928
562,LHL.DCE,20210112,26030.0,26260.0,25760.0,26210.0,25205.0,25560.0,25795.0,-700.0,-465.0,39402.0,1626375.18,17194.0,,25555.0,5.0,310.0,3435.0,0.001455604075691412
563,LHL.DCE,20210111,26810.0,28290.0,26225.0,26720.0,26030.0,26030.0,26260.0,-2260.0,-2030.0,23026.0,967631.03,17600.0,,24930.0,1100.0,470.0,3280.0,0.3353658536585366
564,LHL.DCE,20210108,,30680.0,29500.0,30680.0,26385.0,26810.0,28290.0,-3870.0,-2390.0,91056.0,4121602.38,14984.0,,24565.0,2245.0,780.0,3695.0,0.6075778078484438
