,ts_code,trade_date,open,high,low,close,pre_close,change,pct_chg,vol,amount
0,000826.SZ,20230420,3.25,3.26,3.17,3.2,3.26,-0.06,-1.8405,137218.6,43834.827
1,000826.SZ,20230419,3.25,3.28,3.23,3.26,3.25,0.01,0.3077,104019.6,33915.914
2,000826.SZ,20230418,3.3,3.31,3.25,3.25,3.3,-0.05,-1.5152,95173.0,31108.229
3,000826.SZ,20230417,3.33,3.33,3.29,3.3,3.33,-0.03,-0.9009,109330.8,36116.874
4,000826.SZ,20230414,3.36,3.37,3.32,3.33,3.35,-0.02,-0.597,103749.76,34633.521
5,000826.SZ,20230413,3.38,3.38,3.34,3.35,3.39,-0.04,-1.1799,99392.01,33403.599
6,000826.SZ,20230412,3.38,3.42,3.36,3.39,3.4,-0.01,-0.2941,131290.54,44480.328
7,000826.SZ,20230411,3.39,3.42,3.34,3.4,3.38,0.02,0.5917,128451.31,43289.753
8,000826.SZ,20230410,3.44,3.47,3.37,3.38,3.45,-0.07,-2.029,148208.1,50632.822
9,000826.SZ,20230407,3.47,3.62,3.44,3.45,3.41,0.04,1.173,364500.71,127944.222
10,000826.SZ,20230406,3.37,3.45,3.33,3.41,3.36,0.05,1.4881,214509.34,72620.615
11,000826.SZ,20230404,3.4,3.41,3.34,3.36,3.41,-0.05,-1.4663,100794.95,33942.208
12,000826.SZ,20230403,3.38,3.41,3.36,3.41,3.38,0.03,0.8876,108746.4,36815.21
13,000826.SZ,20230331,3.34,3.38,3.34,3.38,3.34,0.04,1.1976,70647.2,23795.455
14,000826.SZ,20230330,3.39,3.4,3.32,3.34,3.38,-0.04,-1.1834,90581.45,30299.661
15,000826.SZ,20230329,3.43,3.44,3.37,3.38,3.43,-0.05,-1.4577,111012.32,37682.328
16,000826.SZ,20230328,3.47,3.47,3.41,3.43,3.47,-0.04,-1.1527,105917.43,36430.572
17,000826.SZ,20230327,3.49,3.5,3.44,3.47,3.49,-0.02,-0.5731,114913.2,39753.066
18,000826.SZ,20230324,3.52,3.52,3.48,3.49,3.52,-0.03,-0.8523,105773.32,36952.061
19,000826.SZ,20230323,3.52,3.53,3.49,3.52,3.53,-0.01,-0.2833,100892.61,35361.246
20,000826.SZ,20230322,3.5,3.54,3.5,3.53,3.5,0.03,0.8571,80808.0,28471.337
21,000826.SZ,20230321,3.47,3.51,3.47,3.5,3.47,0.03,0.8646,99818.93,34854.109
22,000826.SZ,20230320,3.52,3.53,3.46,3.47,3.52,-0.05,-1.4205,118931.75,41495.255
23,000826.SZ,20230317,3.52,3.55,3.51,3.52,3.5,0.02,0.5714,96503.19,34033.083
24,000826.SZ,20230316,3.54,3.57,3.48,3.5,3.55,-0.05,-1.4085,105505.2,37176.911
25,000826.SZ,20230315,3.51,3.57,3.5,3.55,3.5,0.05,1.4286,95984.0,33989.641
26,000826.SZ,20230314,3.57,3.57,3.46,3.5,3.56,-0.06,-1.6854,118623.76,41574.912
27,000826.SZ,20230313,3.57,3.59,3.51,3.56,3.58,-0.02,-0.5587,130065.4,46084.94
28,000826.SZ,20230310,3.67,3.67,3.58,3.58,3.67,-0.09,-2.4523,134262.4,48503.25
29,000826.SZ,20230309,3.63,3.68,3.6,3.67,3.62,0.05,1.3812,141373.49,51636.886
30,000826.SZ,20230308,3.57,3.62,3.56,3.62,3.57,0.05,1.4006,83714.8,30153.812
31,000826.SZ,20230307,3.68,3.69,3.57,3.57,3.64,-0.07,-1.9231,136141.2,49261.722
32,000826.SZ,20230306,3.66,3.69,3.63,3.64,3.66,-0.02,-0.5464,101911.28,37245.75
33,000826.SZ,20230303,3.63,3.66,3.62,3.66,3.64,0.02,0.5495,96405.79,35075.26
34,000826.SZ,20230302,3.65,3.68,3.63,3.64,3.65,-0.01,-0.274,117594.98,43032.397
35,000826.SZ,20230301,3.65,3.68,3.62,3.65,3.63,0.02,0.551,183270.58,66909.264
36,000826.SZ,20230228,3.59,3.64,3.59,3.63,3.59,0.04,1.1142,83888.6,30294.747
37,000826.SZ,20230227,3.63,3.65,3.58,3.59,3.65,-0.06,-1.6438,108066.2,39020.443
38,000826.SZ,20230224,3.64,3.68,3.63,3.65,3.66,-0.01,-0.2732,99419.2,36290.295
39,000826.SZ,20230223,3.69,3.69,3.63,3.66,3.68,-0.02,-0.5435,115952.92,42481.573
40,000826.SZ,20230222,3.71,3.71,3.67,3.68,3.71,-0.03,-0.8086,103130.89,37996.095
41,000826.SZ,20230221,3.72,3.75,3.69,3.71,3.71,0.0,0.0,161555.48,60118.81
42,000826.SZ,20230220,3.7,3.72,3.65,3.71,3.7,0.01,0.2703,143286.54,52754.495
43,000826.SZ,20230217,3.7,3.76,3.69,3.7,3.7,0.0,0.0,169606.2,63058.662
44,000826.SZ,20230216,3.78,3.81,3.66,3.7,3.75,-0.05,-1.3333,209821.0,78608.461
45,000826.SZ,20230215,3.79,3.79,3.72,3.75,3.77,-0.02,-0.5305,158736.23,59419.797
46,000826.SZ,20230214,3.81,3.81,3.76,3.77,3.8,-0.03,-0.7895,146841.64,55439.95
47,000826.SZ,20230213,3.81,3.82,3.77,3.8,3.8,0.0,0.0,177948.62,67396.411
48,000826.SZ,20230210,3.78,3.84,3.77,3.8,3.79,0.01,0.2639,228876.97,87219.992
49,000826.SZ,20230209,3.74,3.85,3.74,3.79,3.73,0.06,1.6086,282867.93,107606.635
50,000826.SZ,20230208,3.83,3.83,3.73,3.73,3.83,-0.1,-2.611,314456.1,118628.195
51,000826.SZ,20230207,3.78,3.87,3.75,3.83,3.73,0.1,2.681,500682.34,191115.356
52,000826.SZ,20230206,3.66,3.78,3.63,3.73,3.66,0.07,1.9126,315194.17,117115.48
53,000826.SZ,20230203,3.64,3.66,3.58,3.66,3.62,0.04,1.105,151875.88,54928.043
54,000826.SZ,20230202,3.64,3.65,3.61,3.62,3.63,-0.01,-0.2755,133105.24,48260.434
55,000826.SZ,20230201,3.62,3.64,3.58,3.63,3.6,0.03,0.8333,132928.03,47960.505
56,000826.SZ,20230131,3.53,3.61,3.5,3.6,3.62,-0.02,-0.5525,172530.53,61490.04
57,000826.SZ,20230130,3.64,3.66,3.61,3.62,3.6,0.02,0.5556,153996.76,55789.975
58,000826.SZ,20230120,3.53,3.62,3.53,3.6,3.53,0.07,1.983,177952.36,63700.967
59,000826.SZ,20230119,3.52,3.55,3.46,3.53,3.49,0.04,1.1461,137908.41,48420.202
60,000826.SZ,20230118,3.5,3.52,3.46,3.49,3.43,0.06,1.7493,118357.52,41314.57
61,000826.SZ,20230117,3.51,3.51,3.42,3.43,3.5,-0.07,-2.0,154574.32,53429.263
62,000826.SZ,20230116,3.47,3.51,3.46,3.5,3.45,0.05,1.4493,103463.78,36079.215
63,000826.SZ,20230113,3.49,3.49,3.44,3.45,3.48,-0.03,-0.8621,87656.32,30297.085
64,000826.SZ,20230112,3.46,3.48,3.41,3.48,3.47,0.01,0.2882,131213.26,45208.175
65,000826.SZ,20230111,3.43,3.47,3.41,3.47,3.43,0.04,1.1662,105590.23,36386.629
66,000826.SZ,20230110,3.44,3.47,3.41,3.43,3.46,-0.03,-0.8671,111145.0,38185.954
67,000826.SZ,20230109,3.46,3.5,3.43,3.46,3.47,-0.01,-0.2882,115119.0,39895.578
68,000826.SZ,20230106,3.51,3.55,3.45,3.47,3.52,-0.05,-1.4205,154282.2,53871.509
69,000826.SZ,20230105,3.56,3.57,3.49,3.52,3.55,-0.03,-0.8451,158379.78,55572.818
70,000826.SZ,20230104,3.55,3.61,3.53,3.55,3.57,-0.02,-0.5602,162596.81,57894.825
71,000826.SZ,20230103,3.55,3.57,3.51,3.57,3.53,0.04,1.1331,168660.4,59918.43
72,000826.SZ,20221230,3.44,3.55,3.41,3.53,3.41,0.12,3.5191,219370.63,76654.51
73,000826.SZ,20221229,3.47,3.52,3.41,3.41,3.53,-0.12,-3.3994,223832.07,77326.134
74,000826.SZ,20221228,3.6,3.76,3.48,3.53,3.61,-0.08,-2.2161,405726.14,145668.206
75,000826.SZ,20221227,3.46,3.8,3.45,3.61,3.46,0.15,4.3353,521530.17,188326.729
76,000826.SZ,20221226,3.45,3.46,3.41,3.46,3.43,0.03,0.8746,87940.0,30224.617
77,000826.SZ,20221223,3.4,3.47,3.38,3.43,3.42,0.01,0.2924,103368.91,35387.473
78,000826.SZ,20221222,3.52,3.52,3.39,3.42,3.49,-0.07,-2.0057,120658.9,41575.092
79,000826.SZ,20221221,3.57,3.57,3.47,3.49,3.56,-0.07,-1.9663,100637.59,35287.223
80,000826.SZ,20221220,3.52,3.57,3.45,3.56,3.51,0.05,1.4245,127510.81,44981.209
81,000826.SZ,20221219,3.56,3.63,3.49,3.51,3.6,-0.09,-2.5,151726.4,53687.937
82,000826.SZ,20221216,3.67,3.69,3.58,3.6,3.69,-0.09,-2.439,124939.7,45330.527
83,000826.SZ,20221215,3.62,3.7,3.61,3.69,3.63,0.06,1.6529,132073.38,48397.464
84,000826.SZ,20221214,3.69,3.72,3.61,3.63,3.69,-0.06,-1.626,152437.71,55699.146
85,000826.SZ,20221213,3.68,3.72,3.67,3.69,3.69,0.0,0.0,123894.8,45799.826
86,000826.SZ,20221212,3.74,3.76,3.68,3.69,3.75,-0.06,-1.6,179165.04,66440.997
87,000826.SZ,20221209,3.76,3.81,3.71,3.75,3.77,-0.02,-0.5305,187350.35,70168.045
88,000826.SZ,20221208,3.8,3.81,3.75,3.77,3.8,-0.03,-0.7895,148064.4,55908.41
89,000826.SZ,20221207,3.81,3.84,3.75,3.8,3.81,-0.01,-0.2625,212544.94,80538.079
90,000826.SZ,20221206,3.84,3.85,3.79,3.81,3.84,-0.03,-0.7813,190152.35,72588.684
91,000826.SZ,20221205,3.76,3.88,3.76,3.84,3.76,0.08,2.1277,316425.96,121256.288
92,000826.SZ,20221202,3.74,3.78,3.72,3.76,3.76,0.0,0.0,194893.57,72935.047
93,000826.SZ,20221201,3.81,3.83,3.73,3.76,3.8,-0.04,-1.0526,247626.0,93174.622
94,000826.SZ,20221130,3.77,3.84,3.75,3.8,3.77,0.03,0.7958,275653.12,104622.384
95,000826.SZ,20221129,3.71,3.79,3.71,3.77,3.73,0.04,1.0724,281551.82,105960.105
96,000826.SZ,20221128,3.7,3.75,3.61,3.73,3.73,0.0,0.0,253179.96,93309.181
97,000826.SZ,20221125,3.67,3.79,3.65,3.73,3.71,0.02,0.5391,299003.87,111837.966
98,000826.SZ,20221124,3.79,3.8,3.67,3.71,3.77,-0.06,-1.5915,276754.2,102892.729
99,000826.SZ,20221123,3.73,3.77,3.67,3.77,3.72,0.05,1.3441,348343.4,129672.894
100,000826.SZ,20221122,3.64,3.83,3.63,3.72,3.67,0.05,1.3624,365397.71,136316.478
101,000826.SZ,20221121,3.62,3.75,3.59,3.67,3.63,0.04,1.1019,329826.77,121737.958
102,000826.SZ,20221118,3.68,3.71,3.63,3.63,3.69,-0.06,-1.626,184871.0,67726.052
103,000826.SZ,20221117,3.67,3.71,3.64,3.69,3.69,0.0,0.0,194272.4,71383.276
104,000826.SZ,20221116,3.72,3.75,3.66,3.69,3.72,-0.03,-0.8065,240287.97,88713.384
105,000826.SZ,20221115,3.68,3.73,3.64,3.72,3.71,0.01,0.2695,287078.93,106014.266
106,000826.SZ,20221114,3.67,3.71,3.59,3.71,3.66,0.05,1.3661,370504.66,135901.728
107,000826.SZ,20221111,3.76,3.8,3.66,3.66,3.71,-0.05,-1.3477,457631.79,169731.119
108,000826.SZ,20221110,3.75,3.78,3.67,3.71,3.77,-0.06,-1.5915,497866.17,185017.761
109,000826.SZ,20221109,3.67,3.87,3.64,3.77,3.65,0.12,3.2877,828388.81,311500.419
110,000826.SZ,20221108,3.78,3.8,3.64,3.65,3.79,-0.14,-3.6939,962341.08,355296.295
111,000826.SZ,20221107,3.76,4.0,3.73,3.79,3.64,0.15,4.1209,1650544.94,640047.688
112,000826.SZ,20221104,3.32,3.64,3.32,3.64,3.31,0.33,9.9698,203194.09,72472.839
113,000826.SZ,20221103,3.26,3.35,3.26,3.31,3.3,0.01,0.303,132108.24,43689.159
114,000826.SZ,20221102,3.25,3.32,3.24,3.3,3.25,0.05,1.5385,138734.8,45571.603
115,000826.SZ,20221101,3.17,3.25,3.16,3.25,3.16,0.09,2.8481,130746.83,42096.302
116,000826.SZ,20221031,3.17,3.23,3.15,3.16,3.19,-0.03,-0.9404,160176.89,51051.225
117,000826.SZ,20221028,3.42,3.43,3.14,3.19,3.39,-0.2,-5.8997,254071.13,83153.877
118,000826.SZ,20221027,3.38,3.39,3.33,3.39,3.36,0.03,0.8929,146792.23,49271.091
119,000826.SZ,20221026,3.26,3.38,3.26,3.36,3.26,0.1,3.0675,141209.66,47202.803
120,000826.SZ,20221025,3.23,3.27,3.18,3.26,3.25,0.01,0.3077,153290.24,49460.831
121,000826.SZ,20221024,3.33,3.37,3.2,3.25,3.32,-0.07,-2.1084,137987.52,45414.923
122,000826.SZ,20221021,3.32,3.4,3.3,3.32,3.35,-0.03,-0.8955,126140.61,42218.678
123,000826.SZ,20221020,3.33,3.39,3.33,3.35,3.37,-0.02,-0.5935,106605.56,35752.147
124,000826.SZ,20221019,3.4,3.41,3.36,3.37,3.42,-0.05,-1.462,101666.05,34371.676
125,000826.SZ,20221018,3.41,3.45,3.39,3.42,3.42,0.0,0.0,113279.4,38724.99
126,000826.SZ,20221017,3.4,3.44,3.36,3.42,3.38,0.04,1.1834,140106.55,47742.059
127,000826.SZ,20221014,3.37,3.42,3.36,3.38,3.35,0.03,0.8955,126514.8,42931.126
128,000826.SZ,20221013,3.29,3.39,3.27,3.35,3.31,0.04,1.2085,135308.67,45208.318
129,000826.SZ,20221012,3.27,3.31,3.2,3.31,3.25,0.06,1.8462,98710.28,32137.471
130,000826.SZ,20221011,3.21,3.29,3.13,3.25,3.18,0.07,2.2013,148033.35,47632.552
131,000826.SZ,20221010,3.25,3.27,3.15,3.18,3.25,-0.07,-2.1538,117419.32,37695.061
132,000826.SZ,20220930,3.26,3.28,3.21,3.25,3.25,0.0,0.0,79452.6,25759.482
133,000826.SZ,20220929,3.32,3.34,3.24,3.25,3.29,-0.04,-1.2158,116351.01,38096.578
134,000826.SZ,20220928,3.36,3.38,3.29,3.29,3.37,-0.08,-2.3739,118492.59,39354.882
135,000826.SZ,20220927,3.27,3.4,3.26,3.37,3.28,0.09,2.7439,125965.6,41859.639
136,000826.SZ,20220926,3.4,3.4,3.26,3.28,3.43,-0.15,-4.3732,161332.62,53452.819
137,000826.SZ,20220923,3.49,3.51,3.4,3.43,3.49,-0.06,-1.7192,125299.0,43143.968
138,000826.SZ,20220922,3.46,3.51,3.44,3.49,3.48,0.01,0.2874,122640.91,42678.381
139,000826.SZ,20220921,3.37,3.51,3.33,3.48,3.4,0.08,2.3529,194521.69,66856.341
140,000826.SZ,20220920,3.33,3.43,3.33,3.4,3.33,0.07,2.1021,166303.18,56419.88
141,000826.SZ,20220919,3.42,3.42,3.32,3.33,3.42,-0.09,-2.6316,224480.19,75286.189
142,000826.SZ,20220916,3.54,3.55,3.42,3.42,3.56,-0.14,-3.9326,216908.5,75429.132
143,000826.SZ,20220915,3.65,3.66,3.5,3.56,3.64,-0.08,-2.1978,257875.69,91843.178
144,000826.SZ,20220914,3.61,3.69,3.59,3.64,3.69,-0.05,-1.355,158249.43,57659.973
145,000826.SZ,20220913,3.8,3.82,3.68,3.69,3.8,-0.11,-2.8947,240109.63,89227.673
146,000826.SZ,20220909,3.77,3.8,3.71,3.8,3.77,0.03,0.7958,196880.23,74086.345
147,000826.SZ,20220908,3.84,3.87,3.75,3.77,3.87,-0.1,-2.584,225425.47,85562.066
148,000826.SZ,20220907,3.79,3.91,3.76,3.87,3.82,0.05,1.3089,364972.28,139858.24
149,000826.SZ,20220906,3.81,3.82,3.75,3.82,3.81,0.01,0.2625,220785.64,83610.039
150,000826.SZ,20220905,3.7,3.82,3.68,3.81,3.7,0.11,2.973,327807.11,123777.411
151,000826.SZ,20220902,3.66,3.75,3.66,3.7,3.64,0.06,1.6484,195055.91,72123.42
152,000826.SZ,20220901,3.61,3.75,3.61,3.64,3.63,0.01,0.2755,236721.42,87183.924
153,000826.SZ,20220831,3.7,3.73,3.6,3.63,3.72,-0.09,-2.4194,268484.15,98061.666
154,000826.SZ,20220830,3.78,3.85,3.71,3.72,3.81,-0.09,-2.3622,277758.34,104198.097
155,000826.SZ,20220829,3.6,3.84,3.58,3.81,3.67,0.14,3.8147,401955.85,150155.958
156,000826.SZ,20220826,3.72,3.79,3.66,3.67,3.72,-0.05,-1.3441,357807.25,133002.858
157,000826.SZ,20220825,3.89,3.91,3.66,3.72,3.88,-0.16,-4.1237,525474.73,196811.3
158,000826.SZ,20220824,3.89,4.01,3.81,3.88,3.86,0.02,0.5181,678708.45,264487.399
159,000826.SZ,20220823,3.93,3.96,3.83,3.86,4.04,-0.18,-4.4554,674925.96,261814.838
160,000826.SZ,20220822,3.82,4.22,3.76,4.04,3.88,0.16,4.1237,1271343.9,508300.072
161,000826.SZ,20220819,3.59,3.88,3.58,3.88,3.53,0.35,9.915,457040.09,173583.89
162,000826.SZ,20220818,3.61,3.61,3.51,3.53,3.62,-0.09,-2.4862,298514.07,105756.942
163,000826.SZ,20220817,3.62,3.67,3.61,3.62,3.65,-0.03,-0.8219,311607.0,113278.606
164,000826.SZ,20220816,3.59,3.68,3.55,3.65,3.59,0.06,1.6713,484435.36,175095.596
165,000826.SZ,20220815,3.55,3.59,3.47,3.59,3.57,0.02,0.5602,363457.88,128086.276
166,000826.SZ,20220812,3.47,3.57,3.47,3.57,3.49,0.08,2.2923,376906.89,133714.981
167,000826.SZ,20220811,3.47,3.52,3.47,3.49,3.49,0.0,0.0,281108.4,98209.91
168,000826.SZ,20220810,3.47,3.51,3.42,3.49,3.46,0.03,0.8671,363675.42,125818.559
169,000826.SZ,20220809,3.52,3.52,3.43,3.46,3.52,-0.06,-1.7045,359968.33,124745.328
170,000826.SZ,20220808,3.49,3.58,3.46,3.52,3.52,0.0,0.0,334679.96,117807.576
171,000826.SZ,20220805,3.55,3.56,3.47,3.52,3.56,-0.04,-1.1236,355067.63,124525.7
172,000826.SZ,20220804,3.49,3.56,3.47,3.56,3.46,0.1,2.8902,397026.95,139802.619
173,000826.SZ,20220803,3.5,3.61,3.41,3.46,3.49,-0.03,-0.8596,568817.85,200310.663
174,000826.SZ,20220802,3.67,3.73,3.48,3.49,3.71,-0.22,-5.9299,717404.6,255112.896
175,000826.SZ,20220801,3.81,3.85,3.69,3.71,3.91,-0.2,-5.1151,861578.85,321848.405
176,000826.SZ,20220729,4.1,4.11,3.88,3.91,4.1,-0.19,-4.6341,1270667.93,504828.046
177,000826.SZ,20220728,4.16,4.35,4.07,4.1,4.21,-0.11,-2.6128,1659670.48,695171.256
178,000826.SZ,20220727,4.42,4.57,4.21,4.21,4.66,-0.45,-9.6567,2237021.01,975901.941
179,000826.SZ,20220726,4.6,4.66,4.3,4.66,4.24,0.42,9.9057,2773129.34,1270116.254
180,000826.SZ,20220725,4.24,4.24,3.98,4.24,3.85,0.39,10.1299,945265.6,395837.028
181,000826.SZ,20220722,3.5,3.85,3.5,3.85,3.5,0.35,10.0,459338.41,171639.923
182,000826.SZ,20220721,3.48,3.71,3.44,3.5,3.48,0.02,0.5747,562190.19,201219.889
183,000826.SZ,20220720,3.48,3.56,3.41,3.48,3.52,-0.04,-1.1364,653274.29,226273.447
184,000826.SZ,20220719,3.68,3.85,3.5,3.52,3.51,0.01,0.2849,1108549.65,404357.338
185,000826.SZ,20220718,3.19,3.51,3.19,3.51,3.19,0.32,10.0313,269827.8,92111.909
186,000826.SZ,20220715,3.23,3.28,3.14,3.19,3.23,-0.04,-1.2384,246527.18,78603.152
187,000826.SZ,20220714,3.32,3.34,3.22,3.23,3.35,-0.12,-3.5821,274168.21,89368.203
188,000826.SZ,20220713,3.25,3.42,3.22,3.35,3.22,0.13,4.0373,338988.35,113064.359
189,000826.SZ,20220712,3.19,3.26,3.17,3.22,3.19,0.03,0.9404,244048.4,78932.027
190,000826.SZ,20220711,3.17,3.24,3.16,3.19,3.19,0.0,0.0,151419.11,48428.713
191,000826.SZ,20220708,3.16,3.23,3.15,3.19,3.15,0.04,1.2698,195767.51,62537.528
192,000826.SZ,20220707,3.12,3.19,3.11,3.15,3.14,0.01,0.3185,140872.15,44466.975
193,000826.SZ,20220706,3.2,3.22,3.11,3.14,3.19,-0.05,-1.5674,175886.82,55459.191
194,000826.SZ,20220705,3.25,3.26,3.15,3.19,3.25,-0.06,-1.8462,252057.92,80559.901
195,000826.SZ,20220704,3.16,3.28,3.12,3.25,3.14,0.11,3.5032,389192.73,125261.157
196,000826.SZ,20220701,3.05,3.2,3.05,3.14,3.06,0.08,2.6144,369647.7,115901.036
197,000826.SZ,20220630,3.05,3.07,3.04,3.06,3.06,0.0,0.0,173009.83,52835.001
198,000826.SZ,20220629,3.06,3.08,3.02,3.06,3.05,0.01,0.3279,180415.01,55009.361
199,000826.SZ,20220628,2.98,3.06,2.98,3.05,3.01,0.04,1.3289,186050.26,56440.58
200,000826.SZ,20220627,3.05,3.05,2.98,3.01,3.04,-0.03,-0.9868,209313.77,62985.209
201,000826.SZ,20220624,2.95,3.15,2.93,3.04,2.95,0.09,3.0508,421445.1,128695.266
202,000826.SZ,20220623,2.98,2.99,2.91,2.95,2.97,-0.02,-0.6734,222356.12,65387.226
203,000826.SZ,20220622,3.03,3.03,2.96,2.97,3.03,-0.06,-1.9802,252395.95,75372.148
204,000826.SZ,20220621,3.08,3.13,2.99,3.03,3.06,-0.03,-0.9804,357798.0,108697.456
205,000826.SZ,20220620,3.1,3.13,3.04,3.06,3.11,-0.05,-1.6077,304749.58,93656.452
206,000826.SZ,20220617,3.17,3.18,3.11,3.11,3.19,-0.08,-2.5078,205735.08,64603.292
207,000826.SZ,20220616,3.22,3.23,3.17,3.19,3.2,-0.01,-0.3125,97790.68,31276.094
208,000826.SZ,20220615,3.21,3.24,3.17,3.2,3.2,0.0,0.0,132275.15,42437.113
209,000826.SZ,20220614,3.15,3.2,3.08,3.2,3.16,0.04,1.2658,133529.07,41800.169
210,000826.SZ,20220613,3.17,3.19,3.13,3.16,3.19,-0.03,-0.9404,109903.78,34669.918
211,000826.SZ,20220610,3.15,3.2,3.14,3.19,3.18,0.01,0.3145,126498.13,40183.67
212,000826.SZ,20220609,3.31,3.31,3.16,3.18,3.28,-0.1,-3.0488,167163.31,53731.879
213,000826.SZ,20220608,3.32,3.33,3.21,3.28,3.32,-0.04,-1.2048,180393.7,59008.707
214,000826.SZ,20220607,3.37,3.45,3.3,3.32,3.4,-0.08,-2.3529,171338.14,57439.206
215,000826.SZ,20220606,3.38,3.48,3.36,3.4,3.33,0.07,2.1021,223842.29,76185.221
216,000826.SZ,20220602,3.34,3.34,3.26,3.33,3.33,0.0,0.0,121065.22,39963.697
217,000826.SZ,20220601,3.32,3.37,3.26,3.33,3.32,0.01,0.3012,129258.2,42883.307
218,000826.SZ,20220531,3.32,3.33,3.26,3.32,3.33,-0.01,-0.3003,112652.83,37220.498
219,000826.SZ,20220530,3.35,3.38,3.3,3.33,3.35,-0.02,-0.597,93414.85,31187.557
220,000826.SZ,20220527,3.36,3.39,3.32,3.35,3.34,0.01,0.2994,133029.8,44664.788
221,000826.SZ,20220526,3.31,3.36,3.29,3.34,3.32,0.02,0.6024,119780.78,39897.446
222,000826.SZ,20220525,3.22,3.32,3.2,3.32,3.26,0.06,1.8405,119314.09,39120.067
223,000826.SZ,20220524,3.41,3.41,3.23,3.26,3.39,-0.13,-3.8348,197248.29,65232.909
224,000826.SZ,20220523,3.39,3.4,3.33,3.39,3.37,0.02,0.5935,127693.51,43026.514
225,000826.SZ,20220520,3.4,3.43,3.33,3.37,3.36,0.01,0.2976,142505.79,47984.551
226,000826.SZ,20220519,3.28,3.36,3.26,3.36,3.32,0.04,1.2048,169130.2,56117.799
227,000826.SZ,20220518,3.28,3.39,3.24,3.32,3.27,0.05,1.5291,214809.5,71433.698
228,000826.SZ,20220517,3.29,3.32,3.19,3.27,3.29,-0.02,-0.6079,191228.1,62084.88
229,000826.SZ,20220516,3.35,3.4,3.27,3.29,3.44,-0.15,-4.3605,307983.15,101900.255
230,000826.SZ,20220513,3.36,3.55,3.29,3.44,3.33,0.11,3.3033,408892.68,139734.484
231,000826.SZ,20220512,3.26,3.41,3.24,3.33,3.26,0.07,2.1472,269388.98,89989.456
232,000826.SZ,20220511,3.39,3.47,3.26,3.26,3.35,-0.09,-2.6866,353329.11,118052.622
233,000826.SZ,20220510,3.43,3.45,3.25,3.35,3.33,0.02,0.6006,454408.26,152073.297
234,000826.SZ,20220509,3.04,3.33,3.04,3.33,3.03,0.3,9.901,132522.73,42960.95
235,000826.SZ,20220506,3.06,3.09,2.98,3.03,3.1,-0.07,-2.2581,145017.64,43873.635
236,000826.SZ,20220505,3.08,3.14,3.0,3.1,3.11,-0.01,-0.3215,273810.12,84401.742
237,000826.SZ,20220429,2.86,3.15,2.86,3.11,2.89,0.22,7.6125,362754.2,111298.481
238,000826.SZ,20220428,3.01,3.11,2.85,2.89,3.0,-0.11,-3.6667,276668.7,82585.929
239,000826.SZ,20220427,2.94,3.01,2.83,3.0,2.98,0.02,0.6711,340939.53,99398.871
240,000826.SZ,20220426,3.2,3.24,2.97,2.98,3.25,-0.27,-8.3077,436122.89,134627.581
241,000826.SZ,20220425,3.4,3.48,3.25,3.25,3.61,-0.36,-9.9723,427273.71,139982.605
242,000826.SZ,20220422,3.76,3.88,3.61,3.61,4.01,-0.4,-9.9751,730945.51,270291.243
243,000826.SZ,20220421,4.04,4.31,3.9,4.01,3.99,0.02,0.5013,1171514.64,481773.107
244,000826.SZ,20220420,3.73,3.99,3.61,3.99,3.63,0.36,9.9174,875037.32,332583.361
245,000826.SZ,20220419,3.33,3.63,3.32,3.63,3.3,0.33,10.0,108798.08,38814.997
246,000826.SZ,20220418,3.36,3.36,3.26,3.3,3.36,-0.06,-1.7857,129682.52,42692.446
247,000826.SZ,20220415,3.44,3.45,3.34,3.36,3.46,-0.1,-2.8902,141920.0,48170.716
248,000826.SZ,20220414,3.44,3.52,3.42,3.46,3.42,0.04,1.1696,131174.2,45620.45
249,000826.SZ,20220413,3.52,3.52,3.4,3.42,3.52,-0.1,-2.8409,151811.99,52367.556
250,000826.SZ,20220412,3.47,3.52,3.4,3.52,3.47,0.05,1.4409,122749.02,42619.712
251,000826.SZ,20220411,3.52,3.52,3.44,3.47,3.51,-0.04,-1.1396,165346.02,57433.037
252,000826.SZ,20220408,3.55,3.63,3.45,3.51,3.54,-0.03,-0.8475,169528.79,59524.484
253,000826.SZ,20220407,3.67,3.7,3.54,3.54,3.67,-0.13,-3.5422,234113.71,84536.139
254,000826.SZ,20220406,3.57,3.69,3.54,3.67,3.58,0.09,2.514,278044.76,101064.845
255,000826.SZ,20220401,3.51,3.71,3.51,3.58,3.56,0.02,0.5618,312949.71,112383.041
256,000826.SZ,20220331,3.45,3.75,3.44,3.56,3.45,0.11,3.1884,399510.21,143355.954
257,000826.SZ,20220330,3.45,3.51,3.42,3.45,3.43,0.02,0.5831,239656.79,82950.919
258,000826.SZ,20220329,3.48,3.5,3.38,3.43,3.52,-0.09,-2.5568,247830.55,85125.666
259,000826.SZ,20220328,3.4,3.58,3.38,3.52,3.48,0.04,1.1494,350111.19,122450.086
260,000826.SZ,20220325,3.61,3.78,3.46,3.48,3.64,-0.16,-4.3956,690800.06,248664.181
261,000826.SZ,20220324,3.27,3.64,3.24,3.64,3.31,0.33,9.9698,306970.86,108540.994
262,000826.SZ,20220323,3.31,3.32,3.26,3.31,3.32,-0.01,-0.3012,142243.74,46795.277
263,000826.SZ,20220322,3.29,3.34,3.24,3.32,3.33,-0.01,-0.3003,164787.86,54151.136
264,000826.SZ,20220321,3.32,3.35,3.25,3.33,3.31,0.02,0.6042,195824.57,64743.982
265,000826.SZ,20220318,3.19,3.32,3.18,3.31,3.21,0.1,3.1153,213726.59,70105.036
266,000826.SZ,20220317,3.23,3.28,3.21,3.21,3.21,0.0,0.0,210787.28,68210.411
267,000826.SZ,20220316,3.12,3.23,3.05,3.21,3.07,0.14,4.5603,235184.73,74094.326
268,000826.SZ,20220315,3.28,3.3,3.06,3.07,3.28,-0.21,-6.4024,234729.44,74822.396
269,000826.SZ,20220314,3.35,3.39,3.28,3.28,3.39,-0.11,-3.2448,183098.34,61108.38
270,000826.SZ,20220311,3.37,3.4,3.25,3.39,3.4,-0.01,-0.2941,265737.48,88119.232
271,000826.SZ,20220310,3.44,3.45,3.38,3.4,3.37,0.03,0.8902,264876.51,90561.308
272,000826.SZ,20220309,3.47,3.5,3.25,3.37,3.44,-0.07,-2.0349,330206.22,112057.885
273,000826.SZ,20220308,3.65,3.67,3.44,3.44,3.68,-0.24,-6.5217,361290.35,127377.869
274,000826.SZ,20220307,3.82,3.83,3.63,3.68,3.82,-0.14,-3.6649,384438.41,143263.651
275,000826.SZ,20220304,3.96,3.97,3.8,3.82,3.96,-0.14,-3.5354,378320.39,145262.358
276,000826.SZ,20220303,4.06,4.08,3.94,3.96,4.12,-0.16,-3.8835,551841.29,220826.74
277,000826.SZ,20220302,4.01,4.17,4.01,4.12,4.17,-0.05,-1.199,707622.5,288253.141
278,000826.SZ,20220301,4.17,4.17,4.17,4.17,4.63,-0.46,-9.9352,100666.0,41977.722
279,000826.SZ,20220228,4.62,4.68,4.5,4.63,4.7,-0.07,-1.4894,254029.9,116382.931
280,000826.SZ,20220225,4.86,4.95,4.66,4.7,4.9,-0.2,-4.0816,408890.65,195236.29
281,000826.SZ,20220224,4.91,5.15,4.72,4.9,4.93,-0.03,-0.6085,588503.45,289597.893
282,000826.SZ,20220223,5.11,5.38,4.93,4.93,4.96,-0.03,-0.6048,722864.16,371930.173
283,000826.SZ,20220222,4.9,5.08,4.82,4.96,5.11,-0.15,-2.9354,647048.12,319244.492
284,000826.SZ,20220221,5.05,5.43,4.84,5.11,5.16,-0.05,-0.969,1024442.61,525372.376
285,000826.SZ,20220218,4.8,5.16,4.7,5.16,4.69,0.47,10.0213,565674.91,278224.423
286,000826.SZ,20220217,4.27,4.69,4.23,4.69,4.26,0.43,10.0939,115426.09,52971.962
287,000826.SZ,20220216,4.18,4.3,4.18,4.26,4.19,0.07,1.6706,58245.82,24765.731
288,000826.SZ,20220215,4.22,4.24,4.16,4.19,4.21,-0.02,-0.4751,37029.09,15501.594
289,000826.SZ,20220214,4.3,4.32,4.2,4.21,4.26,-0.05,-1.1737,46749.09,19783.381
290,000826.SZ,20220211,4.22,4.32,4.22,4.26,4.25,0.01,0.2353,71823.6,30703.947
291,000826.SZ,20220210,4.26,4.29,4.22,4.25,4.23,0.02,0.4728,56377.4,23959.79
292,000826.SZ,20220209,4.17,4.27,4.17,4.23,4.2,0.03,0.7143,66927.21,28397.117
293,000826.SZ,20220208,4.12,4.24,4.09,4.2,4.14,0.06,1.4493,84821.4,35474.57
294,000826.SZ,20220207,4.12,4.16,4.03,4.14,4.09,0.05,1.2225,79706.09,32781.277
295,000826.SZ,20220128,3.93,4.1,3.93,4.09,3.93,0.16,4.0712,75493.83,30499.899
296,000826.SZ,20220127,4.0,4.04,3.92,3.93,4.03,-0.1,-2.4814,70568.36,28077.498
297,000826.SZ,20220126,4.02,4.06,3.98,4.03,4.0,0.03,0.75,50430.54,20298.281
298,000826.SZ,20220125,4.29,4.29,4.0,4.0,4.3,-0.3,-6.9767,135176.43,55289.469
299,000826.SZ,20220124,4.44,4.46,4.3,4.3,4.31,-0.01,-0.232,110357.69,48041.692
300,000826.SZ,20220121,4.35,4.38,4.31,4.31,4.38,-0.07,-1.5982,52836.11,22913.86
301,000826.SZ,20220120,4.46,4.49,4.36,4.38,4.46,-0.08,-1.7937,67940.85,29948.058
302,000826.SZ,20220119,4.41,4.49,4.39,4.46,4.42,0.04,0.905,69888.54,31067.559
303,000826.SZ,20220118,4.41,4.49,4.38,4.42,4.42,0.0,0.0,52081.62,23030.365
304,000826.SZ,20220117,4.41,4.44,4.38,4.42,4.38,0.04,0.9132,46223.8,20379.832
305,000826.SZ,20220114,4.47,4.5,4.37,4.38,4.51,-0.13,-2.8825,86153.62,38111.779
306,000826.SZ,20220113,4.51,4.55,4.48,4.51,4.51,0.0,0.0,73449.62,33137.867
307,000826.SZ,20220112,4.53,4.62,4.48,4.51,4.5,0.01,0.2222,73534.12,33303.645
308,000826.SZ,20220111,4.48,4.55,4.46,4.5,4.48,0.02,0.4464,68080.48,30733.726
309,000826.SZ,20220110,4.51,4.51,4.44,4.48,4.51,-0.03,-0.6652,64929.62,29056.921
310,000826.SZ,20220107,4.56,4.6,4.5,4.51,4.58,-0.07,-1.5284,73885.09,33535.805
311,000826.SZ,20220106,4.57,4.62,4.54,4.58,4.58,0.0,0.0,93276.57,42749.371
312,000826.SZ,20220105,4.53,4.6,4.5,4.58,4.54,0.04,0.8811,102248.01,46547.557
313,000826.SZ,20220104,4.45,4.62,4.44,4.54,4.45,0.09,2.0225,116419.87,52670.542
314,000826.SZ,20211231,4.35,4.51,4.34,4.45,4.37,0.08,1.8307,84707.8,37606.886
315,000826.SZ,20211230,4.33,4.4,4.33,4.37,4.32,0.05,1.1574,60898.03,26549.937
316,000826.SZ,20211229,4.35,4.35,4.28,4.32,4.32,0.0,0.0,65178.4,28156.314
317,000826.SZ,20211228,4.46,4.46,4.3,4.32,4.41,-0.09,-2.0408,87253.94,37935.106
318,000826.SZ,20211227,4.35,4.43,4.33,4.41,4.38,0.03,0.6849,79834.65,34944.294
319,000826.SZ,20211224,4.47,4.51,4.36,4.38,4.5,-0.12,-2.6667,113104.66,50123.034
320,000826.SZ,20211223,4.46,4.66,4.43,4.5,4.47,0.03,0.6711,116596.66,52910.664
321,000826.SZ,20211222,4.57,4.57,4.44,4.47,4.55,-0.08,-1.7582,83103.93,37269.958
322,000826.SZ,20211221,4.49,4.58,4.44,4.55,4.48,0.07,1.5625,114888.86,51839.464
323,000826.SZ,20211220,4.58,4.61,4.45,4.48,4.58,-0.1,-2.1834,87014.17,39268.328
324,000826.SZ,20211217,4.52,4.62,4.47,4.58,4.56,0.02,0.4386,116628.22,53108.516
325,000826.SZ,20211216,4.62,4.67,4.54,4.56,4.56,0.0,0.0,120801.85,55528.224
326,000826.SZ,20211215,4.45,4.59,4.44,4.56,4.47,0.09,2.0134,122398.78,55363.376
327,000826.SZ,20211214,4.45,4.49,4.43,4.47,4.49,-0.02,-0.4454,83888.8,37431.63
328,000826.SZ,20211213,4.42,4.58,4.4,4.49,4.36,0.13,2.9817,169974.37,76313.877
329,000826.SZ,20211210,4.35,4.38,4.31,4.36,4.38,-0.02,-0.4566,121692.32,52740.2
330,000826.SZ,20211209,4.4,4.41,4.35,4.38,4.39,-0.01,-0.2278,107430.43,47055.659
331,000826.SZ,20211208,4.41,4.42,4.33,4.39,4.4,-0.01,-0.2273,93254.46,40697.105
332,000826.SZ,20211207,4.4,4.49,4.36,4.4,4.4,0.0,0.0,105102.75,46253.213
333,000826.SZ,20211206,4.43,4.52,4.4,4.4,4.45,-0.05,-1.1236,89532.92,39828.57
334,000826.SZ,20211203,4.52,4.52,4.4,4.45,4.47,-0.02,-0.4474,115636.89,51367.756
335,000826.SZ,20211202,4.5,4.57,4.46,4.47,4.5,-0.03,-0.6667,87853.5,39626.284
336,000826.SZ,20211201,4.46,4.52,4.43,4.5,4.49,0.01,0.2227,93160.46,41839.455
337,000826.SZ,20211130,4.5,4.57,4.44,4.49,4.49,0.0,0.0,132448.98,59611.636
338,000826.SZ,20211129,4.56,4.6,4.48,4.49,4.61,-0.12,-2.603,156415.99,70850.454
339,000826.SZ,20211126,4.53,4.73,4.47,4.61,4.57,0.04,0.8753,199547.29,91800.462
340,000826.SZ,20211125,4.38,4.69,4.37,4.57,4.4,0.17,3.8636,289234.04,131070.236
341,000826.SZ,20211124,4.37,4.45,4.31,4.4,4.46,-0.06,-1.3453,229234.04,99964.473
342,000826.SZ,20211123,4.36,4.59,4.26,4.46,4.3,0.16,3.7209,469135.2,206660.663
343,000826.SZ,20211122,4.07,4.3,4.07,4.3,3.91,0.39,9.9744,171283.56,72357.639
344,000826.SZ,20211119,3.9,3.93,3.78,3.91,3.94,-0.03,-0.7614,132268.62,51002.65
345,000826.SZ,20211118,3.97,3.98,3.93,3.94,3.97,-0.03,-0.7557,57116.2,22574.364
346,000826.SZ,20211117,3.95,3.98,3.92,3.97,3.95,0.02,0.5063,59363.15,23493.196
347,000826.SZ,20211116,4.01,4.02,3.94,3.95,4.0,-0.05,-1.25,73248.79,29167.608
348,000826.SZ,20211115,4.0,4.03,3.98,4.0,4.0,0.0,0.0,67736.73,27114.075
349,000826.SZ,20211112,4.07,4.09,3.98,4.0,4.11,-0.11,-2.6764,104186.68,41868.367
350,000826.SZ,20211111,4.07,4.13,4.05,4.11,4.09,0.02,0.489,98528.4,40372.967
351,000826.SZ,20211110,4.03,4.11,3.96,4.09,4.0,0.09,2.25,94683.59,38147.36
352,000826.SZ,20211109,4.1,4.1,3.97,4.0,3.98,0.02,0.5025,91073.49,36625.342
353,000826.SZ,20211108,3.93,4.08,3.92,3.98,3.93,0.05,1.2723,122905.35,49140.849
354,000826.SZ,20211105,3.94,3.98,3.9,3.93,4.0,-0.07,-1.75,107310.6,42161.893
355,000826.SZ,20211104,3.88,4.01,3.84,4.0,3.86,0.14,3.6269,112271.0,44229.564
356,000826.SZ,20211103,3.83,3.87,3.81,3.86,3.81,0.05,1.3123,48767.4,18746.444
357,000826.SZ,20211102,3.92,3.92,3.77,3.81,3.89,-0.08,-2.0566,87905.11,33725.974
358,000826.SZ,20211101,3.85,3.92,3.82,3.89,3.88,0.01,0.2577,87688.41,34025.876
359,000826.SZ,20211029,3.77,3.89,3.76,3.88,3.78,0.1,2.6455,104727.19,40187.966
360,000826.SZ,20211028,3.9,3.91,3.73,3.78,3.9,-0.12,-3.0769,135001.87,51281.119
361,000826.SZ,20211027,3.98,3.99,3.85,3.9,3.89,0.01,0.2571,170211.4,66714.047
362,000826.SZ,20211026,4.06,4.1,3.82,3.89,4.13,-0.24,-5.8111,323943.99,127873.081
363,000826.SZ,20211025,4.03,4.22,4.03,4.13,4.48,-0.35,-7.8125,356998.19,146705.357
364,000826.SZ,20211022,4.85,4.85,4.48,4.48,4.98,-0.5,-10.0402,314814.14,143776.017
365,000826.SZ,20211021,5.05,5.07,4.96,4.98,5.05,-0.07,-1.3861,68068.83,34022.708
366,000826.SZ,20211020,5.06,5.08,5.02,5.05,5.07,-0.02,-0.3945,50778.95,25657.853
367,000826.SZ,20211019,5.2,5.21,5.06,5.07,5.16,-0.09,-1.7442,77403.2,39581.003
368,000826.SZ,20211018,4.97,5.2,4.96,5.16,4.98,0.18,3.6145,137313.09,70126.027
369,000826.SZ,20211015,5.01,5.03,4.94,4.98,4.98,0.0,0.0,66810.35,33217.892
370,000826.SZ,20211014,5.04,5.05,4.93,4.98,5.04,-0.06,-1.1905,70411.24,35091.615
371,000826.SZ,20211013,5.07,5.08,4.97,5.04,5.07,-0.03,-0.5917,70596.92,35388.72
372,000826.SZ,20211012,5.2,5.24,5.02,5.07,5.19,-0.12,-2.3121,112215.72,57342.43
373,000826.SZ,20211011,5.36,5.36,5.17,5.19,5.36,-0.17,-3.1716,155707.46,81367.264
374,000826.SZ,20211008,5.3,5.42,5.26,5.36,5.22,0.14,2.682,162851.11,86841.388
375,000826.SZ,20210930,5.24,5.33,5.17,5.22,5.26,-0.04,-0.7605,97964.51,51167.716
376,000826.SZ,20210929,5.3,5.45,5.26,5.26,5.33,-0.07,-1.3133,145884.47,77843.297
377,000826.SZ,20210928,5.15,5.38,5.11,5.33,5.16,0.17,3.2946,155639.59,82042.616
378,000826.SZ,20210927,5.34,5.43,5.13,5.16,5.41,-0.25,-4.6211,147943.49,77225.998
379,000826.SZ,20210924,5.46,5.49,5.33,5.41,5.46,-0.05,-0.9158,112953.03,60948.627
380,000826.SZ,20210923,5.37,5.49,5.35,5.46,5.37,0.09,1.676,182969.48,99408.43
381,000826.SZ,20210922,5.03,5.38,5.03,5.37,5.1,0.27,5.2941,200122.28,105457.495
382,000826.SZ,20210917,5.06,5.17,5.05,5.1,5.07,0.03,0.5917,81648.23,41747.227
383,000826.SZ,20210916,5.2,5.28,5.07,5.07,5.17,-0.1,-1.9342,126242.96,65472.7
384,000826.SZ,20210915,5.13,5.22,5.13,5.17,5.16,0.01,0.1938,94567.96,48938.717
385,000826.SZ,20210914,5.28,5.3,5.15,5.16,5.29,-0.13,-2.4575,107315.45,56034.939
386,000826.SZ,20210913,5.15,5.32,5.14,5.29,5.15,0.14,2.7184,126672.3,66499.435
387,000826.SZ,20210910,5.2,5.24,5.15,5.15,5.2,-0.05,-0.9615,108108.27,56144.147
388,000826.SZ,20210909,5.17,5.24,5.12,5.2,5.15,0.05,0.9709,101161.93,52454.064
389,000826.SZ,20210908,5.05,5.19,5.05,5.15,5.05,0.1,1.9802,118054.88,60621.452
390,000826.SZ,20210907,5.01,5.07,5.0,5.05,5.04,0.01,0.1984,84264.17,42448.185
391,000826.SZ,20210906,4.99,5.07,4.96,5.04,5.02,0.02,0.3984,110739.18,55475.503
392,000826.SZ,20210903,4.95,5.06,4.95,5.02,4.96,0.06,1.2097,104481.58,52363.891
393,000826.SZ,20210902,4.95,4.99,4.89,4.96,4.95,0.01,0.202,95723.14,47485.809
394,000826.SZ,20210901,4.98,5.02,4.87,4.95,4.97,-0.02,-0.4024,163788.1,80966.873
395,000826.SZ,20210831,4.79,5.03,4.79,4.97,4.78,0.19,3.9749,203228.49,100499.479
396,000826.SZ,20210830,4.63,4.82,4.61,4.78,4.65,0.13,2.7957,127063.14,60270.853
397,000826.SZ,20210827,4.85,4.88,4.61,4.65,4.76,-0.11,-2.3109,208660.03,98338.611
398,000826.SZ,20210826,4.75,4.78,4.68,4.76,4.75,0.01,0.2105,111938.41,53006.391
399,000826.SZ,20210825,4.71,4.77,4.67,4.75,4.73,0.02,0.4228,72992.76,34499.072
400,000826.SZ,20210824,4.74,4.77,4.71,4.73,4.74,-0.01,-0.211,80032.7,37944.795
401,000826.SZ,20210823,4.64,4.82,4.64,4.74,4.65,0.09,1.9355,99597.95,47341.061
402,000826.SZ,20210820,4.72,4.74,4.61,4.65,4.7,-0.05,-1.0638,100452.91,46658.454
403,000826.SZ,20210819,4.75,4.8,4.63,4.7,4.75,-0.05,-1.0526,136753.51,64233.778
404,000826.SZ,20210818,4.88,4.9,4.67,4.75,4.88,-0.13,-2.6639,159159.1,75824.599
405,000826.SZ,20210817,4.95,4.98,4.88,4.88,4.92,-0.04,-0.813,98298.15,48514.149
406,000826.SZ,20210816,4.94,4.98,4.92,4.92,4.95,-0.03,-0.6061,81899.72,40508.204
407,000826.SZ,20210813,4.99,5.03,4.91,4.95,4.97,-0.02,-0.4024,88489.56,43787.256
408,000826.SZ,20210812,4.89,5.04,4.86,4.97,4.89,0.08,1.636,144581.89,71493.534
409,000826.SZ,20210811,4.81,4.92,4.8,4.89,4.81,0.08,1.6632,127036.63,61818.48
410,000826.SZ,20210810,4.61,4.88,4.61,4.81,4.65,0.16,3.4409,142357.12,67996.782
411,000826.SZ,20210809,4.61,4.71,4.6,4.65,4.68,-0.03,-0.641,94899.5,44230.592
412,000826.SZ,20210806,4.49,4.82,4.35,4.68,4.5,0.18,4.0,198088.36,90123.046
413,000826.SZ,20210805,4.52,4.55,4.49,4.5,4.52,-0.02,-0.4425,54052.95,24387.742
414,000826.SZ,20210804,4.52,4.54,4.49,4.52,4.51,0.01,0.2217,46559.06,21042.29
415,000826.SZ,20210803,4.55,4.55,4.5,4.51,4.55,-0.04,-0.8791,74489.8,33651.528
416,000826.SZ,20210802,4.5,4.57,4.46,4.55,4.52,0.03,0.6637,62516.84,28317.512
417,000826.SZ,20210730,4.53,4.6,4.49,4.52,4.54,-0.02,-0.4405,69156.6,31373.104
418,000826.SZ,20210729,4.49,4.61,4.48,4.54,4.48,0.06,1.3393,83907.05,38133.374
419,000826.SZ,20210728,4.66,4.7,4.45,4.48,4.66,-0.18,-3.8627,99007.01,44882.184
420,000826.SZ,20210727,4.83,4.86,4.64,4.66,4.83,-0.17,-3.5197,103443.32,48969.249
421,000826.SZ,20210726,4.91,4.92,4.82,4.83,4.94,-0.11,-2.2267,72892.37,35389.614
422,000826.SZ,20210723,4.83,5.1,4.83,4.94,4.82,0.12,2.4896,143372.94,71223.778
423,000826.SZ,20210722,4.89,4.9,4.81,4.82,4.88,-0.06,-1.2295,66476.79,32136.994
424,000826.SZ,20210721,4.86,4.97,4.81,4.88,4.85,0.03,0.6186,96439.1,47236.59
425,000826.SZ,20210720,4.82,4.85,4.75,4.85,4.86,-0.01,-0.2058,82751.27,39821.05
426,000826.SZ,20210719,5.08,5.13,4.85,4.86,5.15,-0.29,-5.6311,202782.1,100141.862
427,000826.SZ,20210716,5.2,5.28,5.14,5.15,5.2,-0.05,-0.9615,133711.31,69306.895
428,000826.SZ,20210715,5.13,5.29,5.08,5.2,5.6,-0.4,-7.1429,300326.6,155571.312
429,000826.SZ,20210714,5.72,5.72,5.57,5.6,5.74,-0.14,-2.439,134869.3,75949.13
430,000826.SZ,20210713,5.8,5.8,5.68,5.74,5.84,-0.1,-1.7123,215407.94,123518.136
431,000826.SZ,20210712,5.62,5.96,5.56,5.84,5.57,0.27,4.8474,311966.8,179496.346
432,000826.SZ,20210709,5.4,5.59,5.33,5.57,5.43,0.14,2.5783,142136.86,78583.093
433,000826.SZ,20210708,5.43,5.55,5.41,5.43,5.43,0.0,0.0,69215.89,37784.484
434,000826.SZ,20210707,5.43,5.45,5.39,5.43,5.44,-0.01,-0.1838,34733.41,18820.577
435,000826.SZ,20210706,5.44,5.47,5.35,5.44,5.38,0.06,1.1152,51470.39,27894.126
436,000826.SZ,20210705,5.33,5.39,5.29,5.38,5.29,0.09,1.7013,43122.35,23057.678
437,000826.SZ,20210702,5.31,5.33,5.25,5.29,5.28,0.01,0.1894,41590.0,21989.884
438,000826.SZ,20210701,5.36,5.37,5.28,5.28,5.35,-0.07,-1.3084,36797.68,19572.432
439,000826.SZ,20210630,5.44,5.44,5.33,5.35,5.42,-0.07,-1.2915,50755.96,27214.017
440,000826.SZ,20210629,5.47,5.49,5.4,5.42,5.46,-0.04,-0.7326,40785.0,22125.568
441,000826.SZ,20210628,5.55,5.57,5.46,5.46,5.56,-0.1,-1.7986,57877.45,31839.879
442,000826.SZ,20210625,5.55,5.59,5.53,5.56,5.55,0.01,0.1802,52977.03,29429.898
443,000826.SZ,20210624,5.55,5.59,5.51,5.55,5.55,0.0,0.0,65285.48,36233.515
444,000826.SZ,20210623,5.47,5.62,5.45,5.55,5.46,0.09,1.6484,89389.09,49690.681
445,000826.SZ,20210622,5.37,5.52,5.37,5.46,5.36,0.1,1.8657,70776.32,38378.329
446,000826.SZ,20210621,5.37,5.41,5.34,5.36,5.33,0.03,0.5629,45859.83,24633.569
447,000826.SZ,20210618,5.36,5.36,5.24,5.33,5.33,0.0,0.0,47473.9,25138.811
448,000826.SZ,20210617,5.34,5.4,5.32,5.33,5.37,-0.04,-0.7449,35668.22,19091.593
449,000826.SZ,20210616,5.4,5.4,5.33,5.37,5.39,-0.02,-0.3711,41561.55,22242.586
450,000826.SZ,20210615,5.52,5.53,5.38,5.39,5.52,-0.13,-2.3551,68636.79,37293.742
451,000826.SZ,20210611,5.52,5.56,5.49,5.52,5.52,0.0,0.0,58722.78,32490.297
452,000826.SZ,20210610,5.49,5.53,5.47,5.52,5.47,0.05,0.9141,50074.85,27512.735
453,000826.SZ,20210609,5.48,5.5,5.46,5.47,5.48,-0.01,-0.1825,40330.46,22057.663
454,000826.SZ,20210608,5.48,5.5,5.46,5.48,5.49,-0.01,-0.1821,41075.6,22485.546
455,000826.SZ,20210607,5.48,5.52,5.47,5.49,5.49,0.0,0.0,44616.51,24475.716
456,000826.SZ,20210604,5.58,5.58,5.48,5.49,5.56,-0.07,-1.259,76383.3,42114.852
457,000826.SZ,20210603,5.55,5.64,5.52,5.56,5.56,0.0,0.0,79096.85,44070.199
458,000826.SZ,20210602,5.56,5.6,5.53,5.56,5.55,0.01,0.1802,59830.71,33267.556
459,000826.SZ,20210601,5.52,5.56,5.48,5.55,5.5,0.05,0.9091,54434.41,30042.08
460,000826.SZ,20210531,5.52,5.53,5.47,5.5,5.51,-0.01,-0.1815,44524.88,24446.52
461,000826.SZ,20210528,5.57,5.6,5.51,5.51,5.58,-0.07,-1.2545,69786.67,38669.571
462,000826.SZ,20210527,5.56,5.61,5.55,5.58,5.58,0.0,0.0,56027.02,31283.734
463,000826.SZ,20210526,5.56,5.64,5.54,5.58,5.54,0.04,0.722,74157.62,41386.567
464,000826.SZ,20210525,5.55,5.56,5.49,5.54,5.54,0.0,0.0,44312.14,24522.741
465,000826.SZ,20210524,5.54,5.6,5.52,5.54,5.52,0.02,0.3623,54414.01,30223.819
466,000826.SZ,20210521,5.48,5.54,5.47,5.52,5.47,0.05,0.9141,38534.91,21227.679
467,000826.SZ,20210520,5.52,5.54,5.46,5.47,5.54,-0.07,-1.2635,56176.87,30831.212
468,000826.SZ,20210519,5.52,5.56,5.49,5.54,5.54,0.0,0.0,52882.27,29213.973
469,000826.SZ,20210518,5.54,5.58,5.5,5.54,5.55,-0.01,-0.1802,59015.6,32655.05
470,000826.SZ,20210517,5.67,5.67,5.52,5.55,5.75,-0.2,-3.4783,142557.86,79535.084
471,000826.SZ,20210514,5.82,6.0,5.72,5.75,5.72,0.03,0.5245,253428.13,147742.554
472,000826.SZ,20210513,5.69,5.74,5.66,5.72,5.72,0.0,0.0,47916.62,27309.9
473,000826.SZ,20210512,5.7,5.72,5.65,5.72,5.71,0.01,0.1751,53471.47,30343.265
474,000826.SZ,20210511,5.67,5.74,5.65,5.71,5.69,0.02,0.3515,43125.89,24559.412
475,000826.SZ,20210510,5.77,5.79,5.68,5.69,5.77,-0.08,-1.3865,49704.53,28378.774
476,000826.SZ,20210507,5.82,5.82,5.71,5.77,5.77,0.0,0.0,47270.28,27262.718
477,000826.SZ,20210506,5.75,5.85,5.72,5.77,5.73,0.04,0.6981,53145.86,30769.654
478,000826.SZ,20210430,5.7,5.74,5.66,5.73,5.68,0.05,0.8803,47132.27,26865.413
479,000826.SZ,20210429,5.62,5.76,5.62,5.68,5.63,0.05,0.8881,54338.5,30943.897
480,000826.SZ,20210428,5.68,5.73,5.62,5.63,5.63,0.0,0.0,50433.11,28572.708
481,000826.SZ,20210427,5.7,5.76,5.63,5.63,5.72,-0.09,-1.5734,50499.36,28622.555
482,000826.SZ,20210426,5.81,5.84,5.7,5.72,5.84,-0.12,-2.0548,70088.33,40261.529
483,000826.SZ,20210423,5.77,5.85,5.65,5.84,5.74,0.1,1.7422,85979.24,49393.31
484,000826.SZ,20210422,5.81,5.86,5.74,5.74,5.8,-0.06,-1.0345,58064.32,33617.654
485,000826.SZ,20210421,5.81,5.89,5.78,5.8,5.8,0.0,0.0,60793.43,35444.231
486,000826.SZ,20210420,5.88,5.91,5.8,5.8,5.87,-0.07,-1.1925,69304.0,40576.976
487,000826.SZ,20210419,5.94,5.98,5.87,5.87,5.94,-0.07,-1.1785,101272.99,59868.284
488,000826.SZ,20210416,5.69,6.06,5.68,5.94,5.67,0.27,4.7619,143579.23,84153.289
489,000826.SZ,20210415,5.81,5.85,5.67,5.67,5.82,-0.15,-2.5773,92528.4,53207.03
490,000826.SZ,20210414,5.76,5.88,5.71,5.82,6.05,-0.23,-3.8017,144129.77,83684.304
491,000826.SZ,20210413,6.1,6.15,5.97,6.05,6.05,0.0,0.0,78036.07,47258.973
492,000826.SZ,20210412,6.09,6.16,6.03,6.05,6.09,-0.04,-0.6568,97420.98,59294.06
493,000826.SZ,20210409,6.13,6.19,6.07,6.09,6.12,-0.03,-0.4902,72297.08,44179.43
494,000826.SZ,20210408,6.3,6.31,6.11,6.12,6.3,-0.18,-2.8571,136426.16,84290.928
495,000826.SZ,20210407,6.31,6.36,6.25,6.3,6.27,0.03,0.4785,99682.32,62861.151
496,000826.SZ,20210406,6.24,6.31,6.21,6.27,6.24,0.03,0.4808,79709.08,49978.0
497,000826.SZ,20210402,6.38,6.44,6.21,6.24,6.4,-0.16,-2.5,160006.41,100421.96
498,000826.SZ,20210401,6.51,6.57,6.38,6.4,6.68,-0.28,-4.1916,214549.03,137881.631
499,000826.SZ,20210331,6.44,6.93,6.37,6.68,6.37,0.31,4.8666,317808.66,210310.033
500,000826.SZ,20210330,6.61,6.63,6.33,6.37,6.67,-0.3,-4.4978,218574.74,139921.165
501,000826.SZ,20210329,6.71,6.75,6.58,6.67,6.77,-0.1,-1.4771,198456.11,132019.482
502,000826.SZ,20210326,6.87,6.9,6.64,6.77,6.8,-0.03,-0.4412,257802.46,174695.763
503,000826.SZ,20210325,6.71,6.89,6.51,6.8,6.79,0.01,0.1473,301202.4,201382.712
504,000826.SZ,20210324,6.51,6.93,6.49,6.79,6.54,0.25,3.8226,365093.11,247579.681
505,000826.SZ,20210323,6.64,6.65,6.48,6.54,6.75,-0.21,-3.1111,263008.85,172297.607
506,000826.SZ,20210322,6.31,6.78,6.23,6.75,6.3,0.45,7.1429,396402.2,260003.336
507,000826.SZ,20210319,6.13,6.65,6.1,6.3,6.2,0.1,1.6129,244007.96,155879.834
508,000826.SZ,20210318,6.25,6.32,6.15,6.2,6.25,-0.05,-0.8,156659.68,97578.606
509,000826.SZ,20210317,6.42,6.42,6.23,6.25,6.47,-0.22,-3.4003,228311.39,143261.97
510,000826.SZ,20210316,6.2,6.54,6.15,6.47,6.21,0.26,4.1868,314287.22,200203.291
511,000826.SZ,20210315,6.22,6.26,6.05,6.21,6.24,-0.03,-0.4808,200385.9,123484.227
512,000826.SZ,20210312,6.02,6.34,5.89,6.24,6.09,0.15,2.4631,310612.27,190108.205
513,000826.SZ,20210311,5.74,6.15,5.69,6.09,5.7,0.39,6.8421,217124.82,128990.672
514,000826.SZ,20210310,5.93,5.93,5.67,5.7,5.88,-0.18,-3.0612,119148.05,68737.513
515,000826.SZ,20210309,6.11,6.11,5.84,5.88,6.16,-0.28,-4.5455,187029.24,111003.242
516,000826.SZ,20210308,6.05,6.31,6.0,6.16,6.02,0.14,2.3256,222702.35,136244.194
517,000826.SZ,20210305,5.87,6.04,5.84,6.02,5.91,0.11,1.8613,165083.89,98430.14
518,000826.SZ,20210304,5.83,6.02,5.82,5.91,5.91,0.0,0.0,161489.84,95608.809
519,000826.SZ,20210303,5.96,6.02,5.79,5.91,5.95,-0.04,-0.6723,168632.89,99115.621
520,000826.SZ,20210302,5.74,5.98,5.68,5.95,5.71,0.24,4.2032,242161.17,142272.721
521,000826.SZ,20210301,5.7,5.8,5.66,5.71,5.66,0.05,0.8834,111920.16,63977.35
522,000826.SZ,20210226,5.56,5.77,5.51,5.66,5.57,0.09,1.6158,116508.64,65793.178
523,000826.SZ,20210225,5.65,5.66,5.53,5.57,5.6,-0.03,-0.5357,65221.76,36476.899
524,000826.SZ,20210224,5.6,5.69,5.56,5.6,5.59,0.01,0.1789,82216.5,46275.355
525,000826.SZ,20210223,5.68,5.76,5.58,5.59,5.67,-0.08,-1.4109,79813.78,45109.807
526,000826.SZ,20210222,5.63,5.79,5.61,5.67,5.59,0.08,1.4311,137200.81,78487.57
527,000826.SZ,20210219,5.47,5.6,5.44,5.59,5.47,0.12,2.1938,75770.46,42053.49
528,000826.SZ,20210218,5.35,5.57,5.32,5.47,5.29,0.18,3.4026,151014.21,81905.036
529,000826.SZ,20210210,5.32,5.32,5.2,5.29,5.31,-0.02,-0.3766,70629.19,37109.996
530,000826.SZ,20210209,5.13,5.34,5.12,5.31,5.15,0.16,3.1068,96276.01,50437.499
531,000826.SZ,20210208,5.17,5.26,5.13,5.15,5.15,0.0,0.0,95928.09,49661.254
532,000826.SZ,20210205,5.24,5.34,5.14,5.15,5.16,-0.01,-0.1938,59137.91,30847.63
533,000826.SZ,20210204,5.28,5.32,5.09,5.16,5.28,-0.12,-2.2727,88013.03,45746.11
534,000826.SZ,20210203,5.48,5.5,5.23,5.28,5.48,-0.2,-3.6496,124884.44,66553.726
535,000826.SZ,20210202,5.55,5.66,5.47,5.48,5.59,-0.11,-1.9678,85258.45,47167.862
536,000826.SZ,20210201,5.64,5.74,5.54,5.59,5.62,-0.03,-0.5338,86165.11,48406.113
537,000826.SZ,20210129,6.1,6.13,5.58,5.62,6.09,-0.47,-7.7176,221071.47,127433.827
538,000826.SZ,20210128,6.25,6.25,6.06,6.09,6.27,-0.18,-2.8708,102895.7,63314.639
539,000826.SZ,20210127,6.47,6.51,6.26,6.27,6.54,-0.27,-4.1284,96162.21,61284.473
540,000826.SZ,20210126,6.43,6.63,6.24,6.54,6.79,-0.25,-3.6819,200579.84,128898.537
541,000826.SZ,20210125,7.23,7.24,6.66,6.79,6.58,0.21,3.1915,400421.75,279701.177
542,000826.SZ,20210108,6.47,6.62,6.35,6.58,6.46,0.12,1.8576,88963.04,58092.616
543,000826.SZ,20210107,6.67,6.68,6.42,6.46,6.7,-0.24,-3.5821,102664.18,66931.579
544,000826.SZ,20210106,6.56,6.77,6.5,6.7,6.57,0.13,1.9787,133493.33,88227.83
545,000826.SZ,20210105,6.62,6.66,6.52,6.57,6.67,-0.1,-1.4993,117233.46,77159.922
546,000826.SZ,20210104,6.78,6.78,6.59,6.67,6.76,-0.09,-1.3314,123631.31,82306.456
547,000826.SZ,20201231,6.76,6.82,6.7,6.76,6.76,0.0,0.0,96990.4,65564.23
548,000826.SZ,20201230,6.76,6.85,6.74,6.76,6.76,0.0,0.0,57992.13,39316.44
549,000826.SZ,20201229,6.73,6.85,6.69,6.76,6.71,0.05,0.7452,55365.07,37590.338
550,000826.SZ,20201228,6.99,7.02,6.68,6.71,6.99,-0.28,-4.0057,128511.19,87621.484
551,000826.SZ,20201225,6.93,7.17,6.93,6.99,6.94,0.05,0.7205,118817.28,83701.076
552,000826.SZ,20201224,7.08,7.1,6.93,6.94,7.08,-0.14,-1.9774,78251.43,54724.472
553,000826.SZ,20201223,7.05,7.09,7.0,7.08,7.05,0.03,0.4255,59934.76,42233.905
554,000826.SZ,20201222,7.17,7.17,7.01,7.05,7.15,-0.1,-1.3986,82988.24,58889.802
555,000826.SZ,20201221,7.08,7.19,7.07,7.15,7.08,0.07,0.9887,53089.75,37938.902
556,000826.SZ,20201218,7.17,7.2,7.05,7.08,7.19,-0.11,-1.5299,73457.29,52183.231
557,000826.SZ,20201217,7.15,7.2,7.0,7.19,7.15,0.04,0.5594,93571.0,66497.236
558,000826.SZ,20201216,7.32,7.33,7.1,7.15,7.35,-0.2,-2.7211,102794.56,74098.485
559,000826.SZ,20201215,7.38,7.38,7.31,7.35,7.4,-0.05,-0.6757,39944.43,29339.644
560,000826.SZ,20201214,7.38,7.44,7.35,7.4,7.39,0.01,0.1353,40394.94,29852.67
561,000826.SZ,20201211,7.55,7.59,7.33,7.39,7.54,-0.15,-1.9894,92565.82,68500.722
562,000826.SZ,20201210,7.51,7.59,7.48,7.54,7.53,0.01,0.1328,57506.08,43346.84
563,000826.SZ,20201209,7.71,7.75,7.53,7.53,7.75,-0.22,-2.8387,102024.71,77902.706
564,000826.SZ,20201208,7.63,7.86,7.62,7.75,7.5,0.25,3.3333,202650.91,156841.13
565,000826.SZ,20201207,7.56,7.58,7.47,7.5,7.56,-0.06,-0.7937,52404.52,39362.293
566,000826.SZ,20201204,7.59,7.59,7.5,7.56,7.59,-0.03,-0.3953,52629.5,39679.653
567,000826.SZ,20201203,7.57,7.6,7.49,7.59,7.55,0.04,0.5298,71706.19,54144.73
568,000826.SZ,20201202,7.54,7.59,7.48,7.55,7.5,0.05,0.6667,82677.65,62333.834
569,000826.SZ,20201201,7.47,7.53,7.41,7.5,7.43,0.07,0.9421,71631.1,53603.224
570,000826.SZ,20201130,7.44,7.54,7.42,7.43,7.44,-0.01,-0.1344,78857.62,58933.838
571,000826.SZ,20201127,7.47,7.48,7.35,7.44,7.51,-0.07,-0.9321,94994.31,70296.078
572,000826.SZ,20201126,7.47,7.55,7.46,7.51,7.5,0.01,0.1333,44104.05,33055.808
573,000826.SZ,20201125,7.63,7.65,7.49,7.5,7.61,-0.11,-1.4455,60302.57,45514.676
574,000826.SZ,20201124,7.57,7.63,7.53,7.61,7.57,0.04,0.5284,63315.69,48043.526
575,000826.SZ,20201123,7.47,7.64,7.46,7.57,7.46,0.11,1.4745,96460.44,72939.72
576,000826.SZ,20201120,7.4,7.47,7.38,7.46,7.43,0.03,0.4038,45879.54,34091.201
577,000826.SZ,20201119,7.4,7.45,7.37,7.43,7.41,0.02,0.2699,53452.97,39627.106
578,000826.SZ,20201118,7.4,7.46,7.38,7.41,7.39,0.02,0.2706,51615.94,38336.503
579,000826.SZ,20201117,7.49,7.49,7.35,7.39,7.51,-0.12,-1.5979,65853.82,48754.097
580,000826.SZ,20201116,7.47,7.55,7.47,7.51,7.51,0.0,0.0,59727.24,44848.344
581,000826.SZ,20201113,7.6,7.6,7.45,7.51,7.56,-0.05,-0.6614,54203.19,40620.523
582,000826.SZ,20201112,7.56,7.59,7.52,7.56,7.55,0.01,0.1325,35688.4,26935.44
583,000826.SZ,20201111,7.59,7.63,7.49,7.55,7.57,-0.02,-0.2642,57514.67,43525.129
584,000826.SZ,20201110,7.69,7.69,7.54,7.57,7.63,-0.06,-0.7864,64889.18,49222.705
585,000826.SZ,20201109,7.54,7.68,7.53,7.63,7.55,0.08,1.0596,92076.61,70283.323
586,000826.SZ,20201106,7.62,7.74,7.51,7.55,7.48,0.07,0.9358,104028.26,79187.664
587,000826.SZ,20201105,7.42,7.5,7.4,7.48,7.36,0.12,1.6304,54334.65,40525.484
588,000826.SZ,20201104,7.49,7.49,7.32,7.36,7.46,-0.1,-1.3405,45767.55,33797.319
589,000826.SZ,20201103,7.35,7.47,7.31,7.46,7.3,0.16,2.1918,51161.96,37957.77
590,000826.SZ,20201102,7.32,7.38,7.22,7.3,7.32,-0.02,-0.2732,62988.34,45915.727
591,000826.SZ,20201030,7.49,7.51,7.32,7.32,7.49,-0.17,-2.2697,70178.64,52087.007
592,000826.SZ,20201029,7.55,7.55,7.45,7.49,7.63,-0.14,-1.8349,94479.66,70826.451
593,000826.SZ,20201028,7.68,7.68,7.52,7.63,7.64,-0.01,-0.1309,42198.92,32039.088
594,000826.SZ,20201027,7.67,7.7,7.61,7.64,7.7,-0.06,-0.7792,33111.21,25325.469
595,000826.SZ,20201026,7.7,7.73,7.65,7.7,7.7,0.0,0.0,41323.26,31785.607
596,000826.SZ,20201023,7.69,7.8,7.69,7.7,7.75,-0.05,-0.6452,53260.79,41292.651
597,000826.SZ,20201022,7.77,7.81,7.68,7.75,7.78,-0.03,-0.3856,49346.89,38209.53
598,000826.SZ,20201021,7.89,7.89,7.75,7.78,7.91,-0.13,-1.6435,66966.77,52191.145
599,000826.SZ,20201020,7.8,7.91,7.74,7.91,7.82,0.09,1.1509,68649.41,53722.116
600,000826.SZ,20201019,7.84,7.89,7.77,7.82,7.8,0.02,0.2564,61417.81,48053.309
601,000826.SZ,20201016,7.84,7.85,7.76,7.8,7.81,-0.01,-0.128,51760.19,40400.819
602,000826.SZ,20201015,7.88,7.93,7.8,7.81,7.89,-0.08,-1.0139,82641.1,64886.731
603,000826.SZ,20201014,8.06,8.08,7.88,7.89,8.05,-0.16,-1.9876,87039.31,69060.219
604,000826.SZ,20201013,8.08,8.08,7.98,8.05,8.08,-0.03,-0.3713,64551.7,51809.224
605,000826.SZ,20201012,7.94,8.09,7.94,8.08,7.93,0.15,1.8916,88349.42,70865.522
606,000826.SZ,20201009,7.89,7.99,7.89,7.93,7.8,0.13,1.6667,59388.72,47158.011
607,000826.SZ,20200930,7.92,7.92,7.77,7.8,7.88,-0.08,-1.0152,44214.96,34591.067
608,000826.SZ,20200929,7.74,7.91,7.72,7.88,7.69,0.19,2.4707,81172.17,63543.016
609,000826.SZ,20200928,7.76,7.79,7.69,7.69,7.71,-0.02,-0.2594,38237.61,29558.285
610,000826.SZ,20200925,7.75,7.78,7.65,7.71,7.7,0.01,0.1299,49527.74,38170.946
611,000826.SZ,20200924,7.85,7.88,7.7,7.7,7.9,-0.2,-2.5316,89465.8,69392.635
612,000826.SZ,20200923,7.91,7.97,7.88,7.9,7.87,0.03,0.3812,55262.35,43761.108
613,000826.SZ,20200922,7.97,8.04,7.86,7.87,8.05,-0.18,-2.236,71417.71,56683.81
614,000826.SZ,20200921,8.05,8.1,8.0,8.05,8.05,0.0,0.0,77437.31,62243.946
615,000826.SZ,20200918,7.95,8.05,7.91,8.05,7.87,0.18,2.2872,109711.76,87666.778
616,000826.SZ,20200917,7.87,7.94,7.8,7.87,7.86,0.01,0.1272,86941.42,68397.88
617,000826.SZ,20200916,7.98,7.98,7.84,7.86,7.96,-0.1,-1.2563,103798.86,81823.792
618,000826.SZ,20200915,8.18,8.18,7.91,7.96,8.25,-0.29,-3.5152,214122.63,171111.762
619,000826.SZ,20200914,8.27,8.32,8.19,8.25,8.27,-0.02,-0.2418,126075.93,103869.878
620,000826.SZ,20200911,8.21,8.29,8.19,8.27,8.22,0.05,0.6083,71526.81,58983.369
621,000826.SZ,20200910,8.65,8.67,8.18,8.22,8.59,-0.37,-4.3073,161670.03,135669.983
622,000826.SZ,20200909,8.52,8.77,8.43,8.59,8.61,-0.02,-0.2323,204583.78,176250.129
623,000826.SZ,20200908,8.4,8.64,8.36,8.61,8.36,0.25,2.9904,156883.74,134045.083
624,000826.SZ,20200907,8.46,8.59,8.36,8.36,8.51,-0.15,-1.7626,148379.12,125985.463
625,000826.SZ,20200904,8.48,8.57,8.43,8.51,8.68,-0.17,-1.9585,157439.9,133966.727
626,000826.SZ,20200903,8.96,8.96,8.67,8.68,8.94,-0.26,-2.9083,213744.45,187596.226
627,000826.SZ,20200902,8.85,9.03,8.82,8.94,8.81,0.13,1.4756,255572.05,228569.836
628,000826.SZ,20200901,8.89,8.9,8.71,8.81,8.92,-0.11,-1.2332,187650.37,164947.592
629,000826.SZ,20200831,8.86,9.07,8.82,8.92,8.86,0.06,0.6772,252920.45,225338.416
630,000826.SZ,20200828,9.1,9.1,8.69,8.86,9.12,-0.26,-2.8509,408243.14,360787.34
631,000826.SZ,20200827,9.49,9.54,8.9,9.12,9.48,-0.36,-3.7975,634709.07,582113.191
632,000826.SZ,20200826,8.93,9.83,8.92,9.48,8.94,0.54,6.0403,860376.16,822127.183
633,000826.SZ,20200825,9.08,9.13,8.86,8.94,9.05,-0.11,-1.2155,225992.25,202268.646
634,000826.SZ,20200824,9.13,9.29,8.95,9.05,9.13,-0.08,-0.8762,282130.48,257329.398
635,000826.SZ,20200821,8.93,9.33,8.93,9.13,8.9,0.23,2.5843,334152.67,306289.045
636,000826.SZ,20200820,9.06,9.32,8.9,8.9,9.18,-0.28,-3.0501,320892.21,291000.991
637,000826.SZ,20200819,8.95,9.34,8.88,9.18,8.97,0.21,2.3411,525683.58,481548.185
638,000826.SZ,20200818,8.79,9.18,8.64,8.97,8.79,0.18,2.0478,459329.49,407458.128
639,000826.SZ,20200817,8.74,8.84,8.62,8.79,8.75,0.04,0.4571,288972.11,252198.669
640,000826.SZ,20200814,8.52,8.85,8.48,8.75,8.5,0.25,2.9412,359132.46,312040.61
641,000826.SZ,20200813,8.43,8.74,8.43,8.5,8.45,0.05,0.5917,210853.98,180777.04
642,000826.SZ,20200812,8.29,8.45,8.14,8.45,8.28,0.17,2.0531,135027.06,111906.478
643,000826.SZ,20200811,8.47,8.51,8.28,8.28,8.47,-0.19,-2.2432,128214.2,107632.384
644,000826.SZ,20200810,8.33,8.52,8.28,8.47,8.34,0.13,1.5588,143641.41,121133.822
645,000826.SZ,20200807,8.56,8.56,8.21,8.34,8.57,-0.23,-2.6838,180448.38,150829.574
646,000826.SZ,20200806,8.56,8.67,8.47,8.57,8.55,0.02,0.2339,200384.8,171520.271
647,000826.SZ,20200805,8.71,8.71,8.43,8.55,8.83,-0.28,-3.171,319459.4,272933.896
648,000826.SZ,20200804,8.56,8.88,8.39,8.83,8.45,0.38,4.497,421570.45,366595.682
649,000826.SZ,20200803,8.29,8.49,8.2,8.45,8.2,0.25,3.0488,186135.9,156247.845
650,000826.SZ,20200731,8.13,8.25,8.06,8.2,8.13,0.07,0.861,116298.91,95036.112
651,000826.SZ,20200730,8.16,8.24,8.09,8.13,8.18,-0.05,-0.6112,114762.03,93559.002
652,000826.SZ,20200729,8.05,8.19,7.91,8.18,8.05,0.13,1.6149,148593.53,119951.496
653,000826.SZ,20200728,8.1,8.14,7.99,8.05,8.04,0.01,0.1244,104811.38,84498.99
654,000826.SZ,20200727,8.13,8.18,8.0,8.04,8.08,-0.04,-0.495,112098.13,90286.628
655,000826.SZ,20200724,8.38,8.56,8.01,8.08,8.45,-0.37,-4.3787,220200.76,182504.784
656,000826.SZ,20200723,8.61,8.68,8.3,8.45,8.68,-0.23,-2.6498,232923.29,196671.969
657,000826.SZ,20200722,8.7,8.71,8.54,8.68,8.69,-0.01,-0.1151,200790.81,173493.004
658,000826.SZ,20200721,8.94,8.94,8.59,8.69,8.91,-0.22,-2.4691,302746.86,263472.237
659,000826.SZ,20200720,8.62,8.94,8.5,8.91,8.44,0.47,5.5687,436860.25,383843.687
660,000826.SZ,20200717,8.28,8.69,8.27,8.44,8.2,0.24,2.9268,402228.99,341162.773
661,000826.SZ,20200716,8.25,8.87,8.17,8.2,8.17,0.03,0.3672,450957.76,383083.529
662,000826.SZ,20200715,8.41,8.44,8.1,8.17,8.39,-0.22,-2.6222,211626.59,174502.476
663,000826.SZ,20200714,8.53,8.65,8.25,8.39,8.5,-0.11,-1.2941,267174.41,225137.554
664,000826.SZ,20200713,8.25,8.54,8.24,8.5,8.29,0.21,2.5332,249016.35,210071.001
665,000826.SZ,20200710,8.38,8.46,8.26,8.29,8.37,-0.08,-0.9558,210263.24,175586.58
666,000826.SZ,20200709,8.17,8.45,8.17,8.37,8.17,0.2,2.448,290590.44,241571.265
667,000826.SZ,20200708,8.09,8.22,8.02,8.17,8.11,0.06,0.7398,242261.79,196585.83
668,000826.SZ,20200707,8.26,8.33,8.1,8.11,8.16,-0.05,-0.6127,290579.69,237173.546
669,000826.SZ,20200706,7.82,8.2,7.82,8.16,7.78,0.38,4.8843,260723.88,209945.122
670,000826.SZ,20200703,7.7,7.82,7.68,7.78,7.68,0.1,1.3021,150289.98,116443.377
671,000826.SZ,20200702,7.5,7.7,7.49,7.68,7.53,0.15,1.992,126457.51,96372.842
672,000826.SZ,20200701,7.43,7.53,7.42,7.53,7.42,0.11,1.4825,77854.53,58106.867
673,000826.SZ,20200630,7.45,7.48,7.41,7.42,7.39,0.03,0.406,60040.94,44639.585
674,000826.SZ,20200629,7.48,7.49,7.37,7.39,7.46,-0.07,-0.9383,71380.0,52890.31
675,000826.SZ,20200624,7.54,7.55,7.43,7.46,7.52,-0.06,-0.7979,86759.99,64869.172
676,000826.SZ,20200623,7.63,7.63,7.51,7.52,7.61,-0.09,-1.1827,61882.4,46671.931
677,000826.SZ,20200622,7.66,7.72,7.6,7.61,7.66,-0.05,-0.6527,77646.74,59443.399
678,000826.SZ,20200619,7.64,7.69,7.55,7.66,7.62,0.04,0.5249,88858.17,67763.797
679,000826.SZ,20200618,7.67,7.68,7.59,7.62,7.64,-0.02,-0.2618,67168.76,51239.435
680,000826.SZ,20200617,7.55,7.64,7.5,7.64,7.57,0.07,0.9247,94813.35,71754.001
681,000826.SZ,20200616,7.51,7.61,7.47,7.57,7.45,0.12,1.6107,81331.1,61480.004
682,000826.SZ,20200615,7.44,7.57,7.39,7.45,7.49,-0.04,-0.534,79100.63,59261.422
683,000826.SZ,20200612,7.39,7.54,7.36,7.49,7.5,-0.01,-0.1333,73970.38,55117.665
684,000826.SZ,20200611,7.52,7.58,7.46,7.5,7.53,-0.03,-0.3984,69130.45,52002.084
685,000826.SZ,20200610,7.63,7.64,7.51,7.53,7.62,-0.09,-1.1811,78492.0,59200.311
686,000826.SZ,20200609,7.68,7.68,7.59,7.62,7.67,-0.05,-0.6519,77028.14,58739.885
687,000826.SZ,20200608,7.78,7.79,7.64,7.67,7.8,-0.13,-1.6667,97460.34,75067.881
688,000826.SZ,20200605,7.84,8.06,7.74,7.8,7.71,0.09,1.1673,166930.28,131606.593
689,000826.SZ,20200604,7.65,7.8,7.62,7.71,7.6,0.11,1.4474,108022.98,83298.945
690,000826.SZ,20200603,7.75,7.76,7.59,7.6,7.71,-0.11,-1.4267,88253.62,67616.749
691,000826.SZ,20200602,7.67,7.74,7.62,7.71,7.62,0.09,1.1811,82322.15,63216.198
692,000826.SZ,20200601,7.42,7.67,7.42,7.62,7.31,0.31,4.2408,128384.9,97015.08
693,000826.SZ,20200529,7.36,7.43,7.31,7.31,7.37,-0.06,-0.8141,91843.08,67642.465
694,000826.SZ,20200528,7.43,7.47,7.27,7.37,7.43,-0.06,-0.8075,64342.89,47381.728
695,000826.SZ,20200527,7.56,7.56,7.41,7.43,7.53,-0.1,-1.328,64914.81,48350.406
696,000826.SZ,20200526,7.44,7.54,7.44,7.53,7.44,0.09,1.2097,64812.47,48692.451
697,000826.SZ,20200525,7.64,7.64,7.4,7.44,7.66,-0.22,-2.8721,104220.25,78098.754
698,000826.SZ,20200522,7.82,7.87,7.63,7.66,7.82,-0.16,-2.046,93504.82,72216.832
699,000826.SZ,20200521,7.86,7.88,7.79,7.82,7.83,-0.01,-0.1277,69160.29,54141.411
700,000826.SZ,20200520,7.84,7.87,7.77,7.83,7.86,-0.03,-0.3817,82870.47,64722.39
701,000826.SZ,20200519,7.83,8.02,7.81,7.86,7.73,0.13,1.6818,133285.33,105536.475
702,000826.SZ,20200518,7.75,7.82,7.7,7.73,7.72,0.01,0.1295,82121.89,63721.05
703,000826.SZ,20200515,7.75,7.8,7.72,7.72,7.73,-0.01,-0.1294,80687.07,62581.869
704,000826.SZ,20200514,7.77,7.8,7.67,7.73,7.8,-0.07,-0.8974,93461.53,72246.721
705,000826.SZ,20200513,7.95,7.95,7.73,7.8,8.09,-0.29,-3.5847,194998.11,152376.939
706,000826.SZ,20200512,8.17,8.25,8.04,8.09,8.19,-0.1,-1.221,91193.3,74076.122
707,000826.SZ,20200511,8.26,8.28,8.18,8.19,8.24,-0.05,-0.6068,98259.83,80808.708
708,000826.SZ,20200508,8.2,8.34,8.19,8.24,8.16,0.08,0.9804,125822.94,103833.644
709,000826.SZ,20200507,8.24,8.25,8.14,8.16,8.25,-0.09,-1.0909,102835.4,84165.266
710,000826.SZ,20200506,8.14,8.26,8.12,8.25,8.09,0.16,1.9778,157076.99,128864.857
711,000826.SZ,20200430,7.73,8.09,7.7,8.09,7.69,0.4,5.2016,145187.74,114960.585
712,000826.SZ,20200429,7.95,8.01,7.63,7.69,8.02,-0.33,-4.1147,143070.82,111551.648
713,000826.SZ,20200428,7.98,8.04,7.66,8.02,7.95,0.07,0.8805,117252.17,92685.402
714,000826.SZ,20200427,8.0,8.16,7.93,7.95,7.98,-0.03,-0.3759,96947.41,78072.526
715,000826.SZ,20200424,8.19,8.21,7.97,7.98,8.17,-0.19,-2.3256,102760.16,82859.606
716,000826.SZ,20200423,8.23,8.24,8.14,8.17,8.2,-0.03,-0.3659,87392.7,71623.004
717,000826.SZ,20200422,8.05,8.2,8.03,8.2,8.1,0.1,1.2346,91766.07,74413.254
718,000826.SZ,20200421,8.16,8.19,8.03,8.1,8.2,-0.1,-1.2195,101211.0,81816.82
719,000826.SZ,20200420,8.23,8.23,8.13,8.2,8.2,0.0,0.0,71785.25,58700.916
720,000826.SZ,20200417,8.33,8.35,8.16,8.2,8.2,0.0,0.0,102011.26,83948.427
721,000826.SZ,20200416,8.15,8.24,8.11,8.2,8.21,-0.01,-0.1218,61108.89,50022.158
722,000826.SZ,20200415,8.29,8.3,8.18,8.21,8.28,-0.07,-0.8454,82398.65,67973.58
723,000826.SZ,20200414,8.18,8.28,8.15,8.28,8.12,0.16,1.9704,80051.96,65731.522
724,000826.SZ,20200413,8.17,8.25,8.09,8.12,8.16,-0.04,-0.4902,59641.78,48647.067
725,000826.SZ,20200410,8.28,8.3,8.11,8.16,8.31,-0.15,-1.8051,97295.85,79754.467
726,000826.SZ,20200409,8.4,8.45,8.29,8.31,8.3,0.01,0.1205,102951.66,86060.404
727,000826.SZ,20200408,8.28,8.35,8.21,8.3,8.28,0.02,0.2415,93001.67,76975.631
728,000826.SZ,20200407,8.12,8.31,8.11,8.28,8.03,0.25,3.1133,127485.74,104832.516
729,000826.SZ,20200403,8.12,8.14,8.0,8.03,8.12,-0.09,-1.1084,92468.6,74530.854
730,000826.SZ,20200402,7.9,8.13,7.89,8.12,7.95,0.17,2.1384,87330.52,70077.655
731,000826.SZ,20200401,8.08,8.14,7.95,7.95,8.08,-0.13,-1.6089,105684.49,85081.729
732,000826.SZ,20200331,8.17,8.21,8.05,8.08,8.07,0.01,0.1239,82893.38,67308.208
733,000826.SZ,20200330,8.27,8.27,7.96,8.07,8.34,-0.27,-3.2374,130985.44,105560.644
734,000826.SZ,20200327,8.5,8.52,8.32,8.34,8.43,-0.09,-1.0676,108796.89,91637.065
735,000826.SZ,20200326,8.53,8.58,8.38,8.43,8.57,-0.14,-1.6336,115077.04,97307.626
736,000826.SZ,20200325,8.64,8.69,8.49,8.57,8.42,0.15,1.7815,136397.57,117031.413
737,000826.SZ,20200324,8.41,8.45,8.25,8.42,8.25,0.17,2.0606,131876.03,110398.827
738,000826.SZ,20200323,8.34,8.59,8.21,8.25,8.65,-0.4,-4.6243,150294.71,125907.605
739,000826.SZ,20200320,8.65,8.71,8.5,8.65,8.6,0.05,0.5814,135476.52,116942.619
740,000826.SZ,20200319,8.42,8.67,8.36,8.6,8.5,0.1,1.1765,196030.18,167258.641
741,000826.SZ,20200318,8.98,9.07,8.47,8.5,8.85,-0.35,-3.9548,246213.99,215841.603
742,000826.SZ,20200317,9.16,9.34,8.53,8.85,9.15,-0.3,-3.2787,332121.36,294858.344
743,000826.SZ,20200316,9.8,9.98,9.13,9.15,9.72,-0.57,-5.8642,351824.6,339109.076
744,000826.SZ,20200313,9.49,9.92,9.39,9.72,10.11,-0.39,-3.8576,346524.99,335082.243
745,000826.SZ,20200312,10.0,10.36,9.9,10.11,10.0,0.11,1.1,516741.95,526598.71
746,000826.SZ,20200311,9.95,10.3,9.74,10.0,9.86,0.14,1.4199,439513.37,441717.469
747,000826.SZ,20200310,9.47,9.96,9.35,9.86,9.61,0.25,2.6015,331462.33,320975.247
748,000826.SZ,20200309,9.9,10.05,9.57,9.61,10.12,-0.51,-5.0395,343157.9,336353.176
749,000826.SZ,20200306,10.38,10.43,10.12,10.12,10.5,-0.38,-3.619,378866.94,387048.966
750,000826.SZ,20200305,10.55,10.67,10.35,10.5,10.48,0.02,0.1908,462951.17,485970.689
751,000826.SZ,20200304,10.61,10.87,10.32,10.48,10.59,-0.11,-1.0387,540134.77,571404.563
752,000826.SZ,20200303,10.77,10.97,10.28,10.59,10.58,0.01,0.0945,868490.25,918498.764
753,000826.SZ,20200302,10.0,10.73,10.0,10.58,9.87,0.71,7.1935,746009.3,778159.275
754,000826.SZ,20200228,9.7,10.35,9.61,9.87,10.03,-0.16,-1.5952,757979.07,754893.594
755,000826.SZ,20200227,9.56,10.13,9.43,10.03,9.32,0.71,7.618,746468.5,730731.815
756,000826.SZ,20200226,9.17,9.6,9.11,9.32,9.38,-0.06,-0.6397,346135.06,324624.601
757,000826.SZ,20200225,9.34,9.43,9.08,9.38,9.59,-0.21,-2.1898,334661.24,311137.858
758,000826.SZ,20200224,9.47,9.65,9.42,9.59,9.39,0.2,2.1299,316375.19,302669.124
759,000826.SZ,20200221,9.39,9.58,9.35,9.39,9.45,-0.06,-0.6349,304457.65,287312.173
760,000826.SZ,20200220,9.49,9.54,9.25,9.45,9.47,-0.02,-0.2112,288210.13,270721.699
761,000826.SZ,20200219,9.7,9.74,9.45,9.47,9.64,-0.17,-1.7635,342106.49,327433.013
762,000826.SZ,20200218,9.88,9.88,9.56,9.64,9.85,-0.21,-2.132,381161.96,368963.264
763,000826.SZ,20200217,9.75,10.14,9.61,9.85,9.8,0.05,0.5102,505903.14,501020.075
764,000826.SZ,20200214,9.74,9.98,9.42,9.8,9.7,0.1,1.0309,588304.04,572144.004
765,000826.SZ,20200213,9.17,9.94,8.9,9.7,9.17,0.53,5.7797,599371.44,561308.775
766,000826.SZ,20200212,8.99,9.32,8.99,9.17,9.04,0.13,1.4381,289366.44,264923.599
767,000826.SZ,20200211,9.71,9.79,8.99,9.04,9.94,-0.9,-9.0543,574302.16,533572.803
768,000826.SZ,20200210,10.09,10.66,9.81,9.94,9.69,0.25,2.58,946701.72,966141.861
769,000826.SZ,20200207,9.28,9.69,9.04,9.69,8.81,0.88,9.9886,676153.09,634613.411
770,000826.SZ,20200206,8.29,8.85,8.21,8.81,8.14,0.67,8.231,289269.84,248203.093
771,000826.SZ,20200205,7.8,8.28,7.79,8.14,7.72,0.42,5.4404,205039.43,165677.763
772,000826.SZ,20200204,7.17,7.88,7.17,7.72,7.91,-0.19,-2.402,216699.73,166059.806
773,000826.SZ,20200203,7.91,7.91,7.91,7.91,8.79,-0.88,-10.0114,30071.0,23786.161
774,000826.SZ,20200123,9.15,9.15,8.75,8.79,9.15,-0.36,-3.9344,137724.32,122717.687
775,000826.SZ,20200122,9.19,9.19,8.98,9.15,9.2,-0.05,-0.5435,85677.67,77920.098
776,000826.SZ,20200121,9.32,9.36,9.19,9.2,9.38,-0.18,-1.919,92999.12,85939.416
777,000826.SZ,20200120,9.31,9.39,9.2,9.38,9.27,0.11,1.1866,96067.0,89384.728
778,000826.SZ,20200117,9.37,9.43,9.25,9.27,9.36,-0.09,-0.9615,100395.52,93530.895
779,000826.SZ,20200116,9.5,9.55,9.33,9.36,9.49,-0.13,-1.3699,116637.71,109417.924
780,000826.SZ,20200115,9.61,9.72,9.46,9.49,9.63,-0.14,-1.4538,162011.88,154759.142
781,000826.SZ,20200114,9.3,9.82,9.27,9.63,9.29,0.34,3.6598,338390.52,323701.538
782,000826.SZ,20200113,9.3,9.31,9.12,9.29,9.3,-0.01,-0.1075,91012.43,83889.556
783,000826.SZ,20200110,9.33,9.35,9.22,9.3,9.29,0.01,0.1076,76797.25,71205.04
784,000826.SZ,20200109,9.3,9.36,9.23,9.29,9.19,0.1,1.0881,112928.35,104937.318
785,000826.SZ,20200108,9.34,9.35,9.18,9.19,9.41,-0.22,-2.3379,162811.37,150641.651
786,000826.SZ,20200107,9.36,9.55,9.31,9.41,9.29,0.12,1.2917,169049.18,159382.38
787,000826.SZ,20200106,9.2,9.39,9.16,9.29,9.29,0.0,0.0,159297.17,147911.048
788,000826.SZ,20200103,9.29,9.35,9.22,9.29,9.3,-0.01,-0.1075,118888.34,110414.073
789,000826.SZ,20200102,9.25,9.35,9.15,9.3,9.18,0.12,1.3072,161327.82,149588.609
790,000826.SZ,20191231,9.2,9.29,9.11,9.18,9.24,-0.06,-0.6494,109256.28,100226.299
791,000826.SZ,20191230,9.03,9.29,8.96,9.24,9.03,0.21,2.3256,170969.12,157036.205
792,000826.SZ,20191227,8.94,9.16,8.92,9.03,8.92,0.11,1.2332,169594.76,153797.829
793,000826.SZ,20191226,8.86,8.96,8.83,8.92,8.93,-0.01,-0.112,86367.51,76793.841
794,000826.SZ,20191225,9.04,9.14,8.88,8.93,8.76,0.17,1.9406,171413.97,154454.354
795,000826.SZ,20191224,8.75,8.79,8.7,8.76,8.71,0.05,0.5741,53217.36,46540.957
796,000826.SZ,20191223,8.97,8.97,8.7,8.71,9.02,-0.31,-3.4368,96665.84,85242.288
797,000826.SZ,20191220,8.99,9.22,8.98,9.02,8.98,0.04,0.4454,128073.62,116176.531
798,000826.SZ,20191219,8.9,9.0,8.7,8.98,8.95,0.03,0.3352,120037.74,106451.515
799,000826.SZ,20191218,8.97,9.14,8.89,8.95,8.96,-0.01,-0.1116,114009.29,102553.051
800,000826.SZ,20191217,8.94,9.02,8.85,8.96,8.94,0.02,0.2237,138306.53,123615.584
801,000826.SZ,20191216,8.75,8.97,8.69,8.94,8.72,0.22,2.5229,108397.22,95597.374
802,000826.SZ,20191213,8.67,8.78,8.62,8.72,8.62,0.1,1.1601,73221.16,63751.694
803,000826.SZ,20191212,8.67,8.71,8.6,8.62,8.67,-0.05,-0.5767,43715.23,37815.025
804,000826.SZ,20191211,8.83,8.85,8.66,8.67,8.8,-0.13,-1.4773,67872.12,59153.609
805,000826.SZ,20191210,8.72,8.82,8.72,8.8,8.76,0.04,0.4566,47339.63,41602.294
806,000826.SZ,20191209,8.86,8.89,8.76,8.76,8.89,-0.13,-1.4623,74547.46,65663.974
807,000826.SZ,20191206,8.66,8.97,8.56,8.89,8.66,0.23,2.6559,132390.05,116612.435
808,000826.SZ,20191205,8.53,8.67,8.51,8.66,8.5,0.16,1.8824,76886.04,65961.92
809,000826.SZ,20191204,8.5,8.55,8.47,8.5,8.55,-0.05,-0.5848,40229.89,34232.199
810,000826.SZ,20191203,8.47,8.55,8.41,8.55,8.52,0.03,0.3521,43645.15,36938.802
811,000826.SZ,20191202,8.55,8.6,8.49,8.52,8.56,-0.04,-0.4673,39447.09,33743.527
812,000826.SZ,20191129,8.49,8.56,8.47,8.56,8.53,0.03,0.3517,31782.58,27102.829
813,000826.SZ,20191128,8.48,8.58,8.47,8.53,8.48,0.05,0.5896,43985.17,37524.75
814,000826.SZ,20191127,8.47,8.54,8.46,8.48,8.47,0.01,0.1181,42022.7,35692.418
815,000826.SZ,20191126,8.63,8.63,8.47,8.47,8.56,-0.09,-1.0514,55376.01,47219.57
816,000826.SZ,20191125,8.44,8.61,8.41,8.56,8.44,0.12,1.4218,54950.54,46815.65
817,000826.SZ,20191122,8.51,8.62,8.4,8.44,8.49,-0.05,-0.5889,67131.72,57020.213
818,000826.SZ,20191121,8.48,8.53,8.44,8.49,8.53,-0.04,-0.4689,41423.54,35187.759
819,000826.SZ,20191120,8.61,8.64,8.5,8.53,8.62,-0.09,-1.0441,45756.96,39161.512
820,000826.SZ,20191119,8.48,8.64,8.48,8.62,8.5,0.12,1.4118,60478.84,51938.755
821,000826.SZ,20191118,8.43,8.58,8.43,8.5,8.5,0.0,0.0,56530.09,48096.27
822,000826.SZ,20191115,8.79,8.8,8.47,8.5,8.8,-0.3,-3.4091,106276.76,91810.094
823,000826.SZ,20191114,8.88,8.97,8.8,8.8,8.9,-0.1,-1.1236,77169.2,68411.591
824,000826.SZ,20191113,9.1,9.11,8.83,8.9,9.19,-0.29,-3.1556,114549.47,102256.229
825,000826.SZ,20191112,9.09,9.39,9.02,9.19,9.09,0.1,1.1001,145800.05,134064.316
826,000826.SZ,20191111,9.12,9.5,9.06,9.09,8.86,0.23,2.5959,211985.4,196258.435
827,000826.SZ,20191108,8.84,8.95,8.81,8.86,8.77,0.09,1.0262,76140.34,67564.176
828,000826.SZ,20191107,8.73,8.83,8.72,8.77,8.74,0.03,0.3432,48840.79,42905.565
829,000826.SZ,20191106,8.74,8.8,8.72,8.74,8.74,0.0,0.0,42430.94,37135.248
830,000826.SZ,20191105,8.7,8.81,8.7,8.74,8.74,0.0,0.0,50171.66,43875.822
831,000826.SZ,20191104,8.78,8.85,8.72,8.74,8.78,-0.04,-0.4556,59466.44,52196.251
832,000826.SZ,20191101,8.67,8.82,8.67,8.78,8.67,0.11,1.2687,59909.17,52508.963
833,000826.SZ,20191031,8.92,8.97,8.67,8.67,8.92,-0.25,-2.8027,116670.74,102454.674
834,000826.SZ,20191030,9.26,9.31,8.92,8.92,9.29,-0.37,-3.9828,149285.37,135294.05
835,000826.SZ,20191029,9.42,9.42,9.29,9.29,9.43,-0.14,-1.4846,70798.65,66075.532
836,000826.SZ,20191028,9.3,9.44,9.29,9.43,9.33,0.1,1.0718,77218.91,72323.673
837,000826.SZ,20191025,9.32,9.36,9.25,9.33,9.32,0.01,0.1073,54471.53,50697.971
838,000826.SZ,20191024,9.28,9.37,9.26,9.32,9.29,0.03,0.3229,46603.58,43380.21
839,000826.SZ,20191023,9.36,9.42,9.28,9.29,9.34,-0.05,-0.5353,57568.58,53808.587
840,000826.SZ,20191022,9.35,9.38,9.26,9.34,9.33,0.01,0.1072,57534.99,53590.988
841,000826.SZ,20191021,9.4,9.43,9.21,9.33,9.41,-0.08,-0.8502,66942.18,62309.572
842,000826.SZ,20191018,9.48,9.61,9.39,9.41,9.46,-0.05,-0.5285,76042.06,72181.405
843,000826.SZ,20191017,9.51,9.56,9.44,9.46,9.54,-0.08,-0.8386,64558.38,61247.102
844,000826.SZ,20191016,9.59,9.73,9.52,9.54,9.56,-0.02,-0.2092,84279.55,80982.021
845,000826.SZ,20191015,9.74,9.76,9.55,9.56,9.77,-0.21,-2.1494,88099.02,84742.485
846,000826.SZ,20191014,9.71,9.84,9.67,9.77,9.68,0.09,0.9298,121794.86,119076.935
847,000826.SZ,20191011,9.55,9.82,9.55,9.68,9.52,0.16,1.6807,149142.24,144733.447
848,000826.SZ,20191010,9.5,9.56,9.48,9.52,9.5,0.02,0.2105,56602.32,53900.806
849,000826.SZ,20191009,9.42,9.51,9.36,9.5,9.47,0.03,0.3168,53277.71,50394.358
850,000826.SZ,20191008,9.44,9.55,9.42,9.47,9.44,0.03,0.3178,55918.65,53024.713
851,000826.SZ,20190930,9.57,9.61,9.44,9.44,9.59,-0.15,-1.5641,70175.67,66816.31
852,000826.SZ,20190927,9.35,9.64,9.33,9.59,9.34,0.25,2.6767,103541.57,98526.041
853,000826.SZ,20190926,9.58,9.58,9.32,9.34,9.46,-0.12,-1.2685,97446.24,91654.219
854,000826.SZ,20190925,9.57,9.57,9.41,9.46,9.57,-0.11,-1.1494,80164.59,75928.919
855,000826.SZ,20190924,9.61,9.68,9.56,9.57,9.61,-0.04,-0.4162,100110.06,96223.275
856,000826.SZ,20190923,9.81,9.82,9.55,9.61,9.8,-0.19,-1.9388,97961.44,94150.805
857,000826.SZ,20190920,9.82,9.87,9.77,9.8,9.8,0.0,0.0,95148.23,93435.922
858,000826.SZ,20190919,9.82,9.86,9.66,9.8,9.81,-0.01,-0.1019,94666.22,92428.036
859,000826.SZ,20190918,9.88,9.92,9.79,9.81,9.83,-0.02,-0.2035,88939.1,87528.663
860,000826.SZ,20190917,10.08,10.13,9.81,9.83,10.13,-0.3,-2.9615,141962.23,140864.695
861,000826.SZ,20190916,10.1,10.24,10.04,10.13,10.04,0.09,0.8964,152517.76,154763.037
862,000826.SZ,20190912,10.01,10.08,9.94,10.04,9.97,0.07,0.7021,107313.53,107539.378
863,000826.SZ,20190911,10.19,10.24,9.96,9.97,10.13,-0.16,-1.5795,164063.65,165094.734
864,000826.SZ,20190910,9.99,10.18,9.92,10.13,10.01,0.12,1.1988,206484.88,208479.786
865,000826.SZ,20190909,9.92,10.01,9.81,10.01,9.8,0.21,2.1429,203087.62,201697.78
866,000826.SZ,20190906,9.79,9.8,9.68,9.8,9.74,0.06,0.616,169774.76,165443.651
867,000826.SZ,20190905,9.63,9.86,9.63,9.74,9.56,0.18,1.8828,254882.01,248446.318
868,000826.SZ,20190904,9.46,9.63,9.44,9.56,9.44,0.12,1.2712,196602.58,187643.67
869,000826.SZ,20190903,9.52,9.55,9.41,9.44,9.51,-0.07,-0.7361,131769.78,124698.593
870,000826.SZ,20190902,9.4,9.57,9.37,9.51,9.38,0.13,1.3859,125779.82,119500.757
871,000826.SZ,20190830,9.49,9.51,9.34,9.38,9.44,-0.06,-0.6356,108077.89,101641.069
872,000826.SZ,20190829,9.47,9.52,9.37,9.44,9.48,-0.04,-0.4219,127906.38,120670.384
873,000826.SZ,20190828,9.59,9.59,9.46,9.48,9.6,-0.12,-1.25,111044.24,105506.053
874,000826.SZ,20190827,9.73,9.74,9.54,9.6,9.53,0.07,0.7345,191177.72,184229.88
875,000826.SZ,20190826,9.48,9.54,9.34,9.53,9.92,-0.39,-3.9315,214408.79,202272.185
876,000826.SZ,20190823,10.0,10.03,9.89,9.92,9.99,-0.07,-0.7007,88651.85,88201.431
877,000826.SZ,20190822,10.1,10.12,9.93,9.99,10.1,-0.11,-1.0891,110940.28,111003.971
878,000826.SZ,20190821,9.91,10.12,9.85,10.1,9.93,0.17,1.712,171144.54,171484.766
879,000826.SZ,20190820,9.94,10.05,9.85,9.93,10.02,-0.09,-0.8982,125437.07,124782.688
880,000826.SZ,20190819,9.89,10.05,9.78,10.02,9.75,0.27,2.7692,152877.62,151755.317
881,000826.SZ,20190816,9.64,9.84,9.64,9.75,9.68,0.07,0.7231,97478.13,95294.681
882,000826.SZ,20190815,9.48,9.69,9.4,9.68,9.68,0.0,0.0,78195.01,74756.295
883,000826.SZ,20190814,9.76,9.85,9.65,9.68,9.59,0.09,0.9385,90914.65,88652.647
884,000826.SZ,20190813,9.66,9.66,9.54,9.59,9.7,-0.11,-1.134,65279.97,62634.115
885,000826.SZ,20190812,9.54,9.71,9.49,9.7,9.58,0.12,1.2526,58164.77,56012.312
886,000826.SZ,20190809,9.73,9.89,9.55,9.58,9.67,-0.09,-0.9307,84948.72,82430.472
887,000826.SZ,20190808,9.55,9.74,9.55,9.67,9.52,0.15,1.5756,86531.93,83475.078
888,000826.SZ,20190807,9.73,9.73,9.52,9.52,9.62,-0.1,-1.0395,90015.8,86763.291
889,000826.SZ,20190806,9.7,9.8,9.38,9.62,9.95,-0.33,-3.3166,166002.77,159395.258
890,000826.SZ,20190805,10.07,10.2,9.93,9.95,10.06,-0.11,-1.0934,114696.07,115471.104
891,000826.SZ,20190802,10.01,10.27,9.97,10.06,10.36,-0.3,-2.8958,149818.32,151040.328
892,000826.SZ,20190801,10.37,10.5,10.33,10.36,10.46,-0.1,-0.956,69793.61,72536.285
893,000826.SZ,20190731,10.43,10.53,10.32,10.46,10.45,0.01,0.0957,84402.05,88112.511
894,000826.SZ,20190730,10.24,10.59,10.24,10.45,10.3,0.15,1.4563,118225.78,123944.854
895,000826.SZ,20190729,10.43,10.5,10.22,10.3,10.43,-0.13,-1.2464,72091.25,74452.967
896,000826.SZ,20190726,10.42,10.5,10.38,10.43,10.44,-0.01,-0.0958,66432.69,69280.411
897,000826.SZ,20190725,10.38,10.5,10.31,10.44,10.37,0.07,0.675,84703.95,88287.965
898,000826.SZ,20190724,10.31,10.49,10.3,10.37,10.27,0.1,0.9737,99525.1,103536.827
899,000826.SZ,20190723,10.17,10.29,10.16,10.27,10.16,0.11,1.0827,79371.42,81155.804
900,000826.SZ,20190722,10.42,10.52,10.13,10.16,10.41,-0.25,-2.4015,118298.18,121007.47
901,000826.SZ,20190719,10.47,10.71,10.4,10.41,10.41,0.0,0.0,127210.04,134131.672
902,000826.SZ,20190718,10.65,10.68,10.4,10.41,10.77,-0.36,-3.3426,132832.43,139631.155
903,000826.SZ,20190717,11.01,11.01,10.69,10.77,10.97,-0.2,-1.8232,158515.33,171479.86
904,000826.SZ,20190716,10.99,11.15,10.94,11.0,11.01,-0.01,-0.0908,130759.96,144369.484
905,000826.SZ,20190715,10.95,11.19,10.55,11.01,10.92,0.09,0.8242,188834.7,205170.174
906,000826.SZ,20190712,11.13,11.15,10.85,10.92,11.13,-0.21,-1.8868,131494.65,144797.96
907,000826.SZ,20190711,11.15,11.27,10.91,11.13,11.09,0.04,0.3607,175445.59,194444.82
908,000826.SZ,20190710,11.25,11.34,10.98,11.09,11.12,-0.03,-0.2698,178097.04,198754.369
909,000826.SZ,20190709,11.27,11.33,11.02,11.12,11.33,-0.21,-1.8535,196159.51,218177.017
910,000826.SZ,20190708,11.8,11.85,11.12,11.33,11.84,-0.51,-4.3074,288676.24,331553.769
911,000826.SZ,20190705,12.21,12.22,11.7,11.84,12.21,-0.37,-3.0303,268861.57,318629.059
912,000826.SZ,20190704,12.21,12.45,11.98,12.21,12.12,0.09,0.7426,416685.63,508653.055
913,000826.SZ,20190703,11.71,12.43,11.64,12.12,11.75,0.37,3.1489,500524.5,607154.107
914,000826.SZ,20190702,11.93,12.04,11.52,11.75,12.07,-0.32,-2.6512,387051.9,454187.94
915,000826.SZ,20190701,12.26,12.51,12.01,12.07,11.79,0.28,2.3749,449652.98,549904.574
916,000826.SZ,20190628,12.03,12.14,11.68,11.79,12.02,-0.23,-1.9135,297114.18,352221.587
917,000826.SZ,20190627,12.03,12.3,11.95,12.02,11.96,0.06,0.5017,366992.4,444686.618
918,000826.SZ,20190626,12.26,12.43,11.93,11.96,12.52,-0.56,-4.4728,463347.78,564838.342
919,000826.SZ,20190625,12.44,12.78,12.05,12.52,12.43,0.09,0.7241,622781.07,773288.4
920,000826.SZ,20190624,13.43,13.5,12.36,12.43,12.99,-0.56,-4.311,779858.28,993750.285
921,000826.SZ,20190621,12.1,12.99,11.96,12.99,11.81,1.18,9.9915,781530.41,980538.187
922,000826.SZ,20190620,10.98,11.81,10.96,11.81,10.74,1.07,9.9628,559273.32,640406.46
923,000826.SZ,20190619,10.59,10.87,10.32,10.74,10.39,0.35,3.3686,341415.27,361504.165
924,000826.SZ,20190618,10.22,10.53,10.07,10.39,10.19,0.2,1.9627,204678.53,211589.615
925,000826.SZ,20190617,9.87,10.22,9.81,10.19,9.81,0.38,3.8736,149153.24,150281.216
926,000826.SZ,20190614,10.1,10.19,9.78,9.81,10.13,-0.32,-3.1589,143415.55,143086.629
927,000826.SZ,20190613,10.06,10.24,9.99,10.13,10.04,0.09,0.8964,136481.6,138000.606
928,000826.SZ,20190612,10.03,10.16,9.96,10.04,10.02,0.02,0.1996,144962.51,145898.632
929,000826.SZ,20190611,9.6,10.1,9.56,10.02,9.59,0.43,4.4838,168949.59,166679.005
930,000826.SZ,20190610,9.59,9.65,9.4,9.59,9.48,0.11,1.1603,85552.49,81878.188
931,000826.SZ,20190606,9.73,9.74,9.47,9.48,9.73,-0.25,-2.5694,92839.76,88824.42
932,000826.SZ,20190605,9.8,9.89,9.7,9.73,9.71,0.02,0.206,99815.48,97655.708
933,000826.SZ,20190604,9.96,9.96,9.66,9.71,9.96,-0.25,-2.51,126532.98,123792.024
934,000826.SZ,20190603,9.81,10.26,9.65,9.96,9.8,0.16,1.6327,218272.12,218193.834
935,000826.SZ,20190531,9.85,9.95,9.75,9.8,9.86,-0.06,-0.6085,85251.08,83993.756
936,000826.SZ,20190530,9.96,9.98,9.72,9.86,9.99,-0.13,-1.3013,98592.54,96804.744
937,000826.SZ,20190529,9.93,10.07,9.85,9.99,9.94,0.05,0.503,96463.68,96417.295
938,000826.SZ,20190528,10.1,10.15,9.88,9.94,10.06,-0.12,-1.1928,119357.66,119721.011
939,000826.SZ,20190527,9.73,10.08,9.66,10.06,9.81,0.25,2.5484,131868.23,130625.683
940,000826.SZ,20190524,9.72,10.0,9.7,9.81,9.71,0.1,1.0299,120405.41,118639.246
941,000826.SZ,20190523,10.06,10.07,9.68,9.71,9.97,-0.26,-2.6078,112842.15,111385.468
942,000826.SZ,20190522,10.21,10.22,9.88,9.97,10.19,-0.22,-2.159,99948.55,100475.184
943,000826.SZ,20190521,10.1,10.29,10.0,10.19,10.1,0.09,0.8911,117144.53,119106.779
944,000826.SZ,20190520,9.96,10.11,9.67,10.1,10.08,0.02,0.1984,171258.72,169368.863
945,000826.SZ,20190517,10.8,10.81,10.05,10.08,10.78,-0.7,-6.4935,209661.89,216890.173
946,000826.SZ,20190516,10.77,10.81,10.68,10.78,10.74,0.04,0.3724,114588.03,123269.31
947,000826.SZ,20190515,10.77,10.88,10.63,10.74,10.62,0.12,1.1299,168753.24,181273.741
948,000826.SZ,20190514,10.4,10.74,10.38,10.62,10.61,0.01,0.0943,147385.21,156326.979
949,000826.SZ,20190513,10.82,10.88,10.54,10.61,10.92,-0.31,-2.8388,149994.05,160527.043
950,000826.SZ,20190510,10.85,11.0,10.34,10.92,10.67,0.25,2.343,219291.0,236683.148
951,000826.SZ,20190509,10.8,10.97,10.66,10.67,10.88,-0.21,-1.9301,122661.72,132811.723
952,000826.SZ,20190508,10.99,11.23,10.81,10.88,11.16,-0.28,-2.509,130685.92,143660.152
953,000826.SZ,20190507,11.07,11.24,10.91,11.16,10.93,0.23,2.1043,133916.6,148455.806
954,000826.SZ,20190506,10.99,11.47,10.44,10.93,11.24,-0.31,-2.758,253085.28,279627.474
955,000826.SZ,20190430,11.11,11.38,11.02,11.24,11.36,-0.12,-1.0563,199526.68,222944.694
956,000826.SZ,20190429,11.37,11.7,11.36,11.36,12.62,-1.26,-9.9842,353251.29,402191.491
957,000826.SZ,20190426,12.57,12.93,12.52,12.62,12.87,-0.25,-1.9425,162270.37,206449.557
958,000826.SZ,20190425,13.38,13.52,12.73,12.87,13.39,-0.52,-3.8835,208692.92,273426.683
959,000826.SZ,20190424,13.2,13.53,13.14,13.39,13.2,0.19,1.4394,174024.91,232127.469
960,000826.SZ,20190423,14.01,14.03,13.09,13.2,14.3,-1.1,-7.6923,306226.04,412239.264
961,000826.SZ,20190422,14.43,14.62,14.28,14.3,14.45,-0.15,-1.0381,114767.59,165639.769
962,000826.SZ,20190419,14.41,14.54,14.23,14.45,14.49,-0.04,-0.2761,131909.88,189945.747
963,000826.SZ,20190418,15.08,15.14,14.44,14.49,15.08,-0.59,-3.9125,252610.92,371420.111
964,000826.SZ,20190417,15.28,15.41,15.0,15.08,15.34,-0.26,-1.6949,233991.98,354392.834
965,000826.SZ,20190416,14.86,15.36,14.77,15.34,14.95,0.39,2.6087,249013.9,378954.955
966,000826.SZ,20190415,15.15,15.3,14.92,14.95,14.91,0.04,0.2683,235494.08,355645.984
967,000826.SZ,20190412,14.55,14.97,14.55,14.91,14.65,0.26,1.7747,142940.83,211436.024
968,000826.SZ,20190411,14.82,14.97,14.51,14.65,14.83,-0.18,-1.2138,189398.04,279051.771
969,000826.SZ,20190410,14.85,14.98,14.69,14.83,15.04,-0.21,-1.3963,173459.31,257523.4
970,000826.SZ,20190409,14.75,15.23,14.68,15.04,14.77,0.27,1.828,239268.76,359627.853
971,000826.SZ,20190408,15.35,15.44,14.68,14.77,15.21,-0.44,-2.8928,328687.1,493432.481
972,000826.SZ,20190404,15.27,15.39,14.96,15.21,15.22,-0.01,-0.0657,291441.83,442249.324
973,000826.SZ,20190403,15.3,15.44,15.03,15.22,15.59,-0.37,-2.3733,395756.69,603485.712
974,000826.SZ,20190402,15.63,16.09,15.39,15.59,15.8,-0.21,-1.3291,609567.27,954918.618
975,000826.SZ,20190401,15.42,15.97,15.11,15.8,15.49,0.31,2.0013,691247.94,1080405.991
976,000826.SZ,20190329,14.99,15.89,14.44,15.49,15.3,0.19,1.2418,679331.75,1030675.46
977,000826.SZ,20190328,15.13,15.68,14.85,15.3,15.1,0.2,1.3245,598748.23,913357.514
978,000826.SZ,20190327,15.49,15.6,14.44,15.1,15.0,0.1,0.6667,596294.29,896890.533
979,000826.SZ,20190326,15.76,16.15,14.78,15.0,15.42,-0.42,-2.7237,647526.75,1000172.351
980,000826.SZ,20190325,15.4,16.49,15.24,15.42,15.16,0.26,1.715,984675.88,1562491.529
981,000826.SZ,20190322,14.8,15.16,14.42,15.16,13.78,1.38,10.0145,828151.89,1230938.519
982,000826.SZ,20190321,13.78,13.78,13.78,13.78,12.53,1.25,9.9761,75939.6,104644.768
983,000826.SZ,20190320,12.52,12.59,12.11,12.53,12.52,0.01,0.0799,202021.1,249513.025
984,000826.SZ,20190319,12.57,12.74,12.31,12.52,12.54,-0.02,-0.1595,188733.46,236318.85
985,000826.SZ,20190318,12.21,12.58,12.12,12.54,12.1,0.44,3.6364,226844.95,280457.325
986,000826.SZ,20190315,12.19,12.4,11.95,12.1,12.17,-0.07,-0.5752,219450.12,267599.189
987,000826.SZ,20190314,12.64,12.78,12.01,12.17,12.87,-0.7,-5.439,256843.11,315954.905
988,000826.SZ,20190313,12.63,13.35,12.46,12.87,12.61,0.26,2.0619,398947.38,513542.075
989,000826.SZ,20190312,12.2,12.7,12.2,12.61,12.13,0.48,3.9571,341786.24,425876.477
990,000826.SZ,20190311,11.78,12.15,11.76,12.13,11.71,0.42,3.5867,179343.99,214428.198
991,000826.SZ,20190308,12.38,12.38,11.68,11.71,12.54,-0.83,-6.6188,278791.1,336520.013
992,000826.SZ,20190307,12.51,12.66,12.24,12.54,12.46,0.08,0.6421,302536.63,376488.088
993,000826.SZ,20190306,12.4,12.56,12.16,12.46,12.27,0.19,1.5485,282362.46,348882.489
994,000826.SZ,20190305,12.04,12.29,11.96,12.27,12.15,0.12,0.9877,206453.77,250690.775
995,000826.SZ,20190304,11.9,12.49,11.76,12.15,11.75,0.4,3.4043,364504.07,443699.268
996,000826.SZ,20190301,11.9,11.95,11.5,11.75,11.8,-0.05,-0.4237,158308.09,184999.969
997,000826.SZ,20190228,11.69,11.95,11.67,11.8,11.68,0.12,1.0274,140977.13,166358.009
998,000826.SZ,20190227,11.79,12.05,11.55,11.68,11.86,-0.18,-1.5177,218238.39,258081.006
999,000826.SZ,20190226,11.7,12.2,11.5,11.86,11.72,0.14,1.1945,304092.01,360658.247
1000,000826.SZ,20190225,11.18,11.74,11.1,11.72,11.08,0.64,5.7762,282025.37,321908.235
1001,000826.SZ,20190222,10.82,11.09,10.76,11.08,10.77,0.31,2.8784,141888.95,154790.89
1002,000826.SZ,20190221,10.96,11.1,10.72,10.77,10.97,-0.2,-1.8232,175801.25,191557.451
1003,000826.SZ,20190220,10.92,11.0,10.71,10.97,10.93,0.04,0.366,135885.13,147898.963
1004,000826.SZ,20190219,10.99,11.14,10.77,10.93,10.94,-0.01,-0.0914,176551.7,193201.431
1005,000826.SZ,20190218,10.62,10.97,10.59,10.94,10.54,0.4,3.7951,180969.68,195319.153
1006,000826.SZ,20190215,10.54,10.81,10.5,10.54,10.53,0.01,0.095,142545.39,151605.954
1007,000826.SZ,20190214,10.44,10.62,10.36,10.53,10.46,0.07,0.6692,113199.0,119108.598
1008,000826.SZ,20190213,10.2,10.55,10.11,10.46,10.2,0.26,2.549,144252.34,149892.308
1009,000826.SZ,20190212,9.98,10.22,9.88,10.2,9.97,0.23,2.3069,98980.16,99680.698
1010,000826.SZ,20190211,9.68,9.97,9.67,9.97,9.71,0.26,2.6777,88502.21,87497.024
1011,000826.SZ,20190201,9.25,9.72,9.25,9.71,9.2,0.51,5.5435,101191.26,96461.094
1012,000826.SZ,20190131,9.37,9.48,9.18,9.2,9.4,-0.2,-2.1277,93488.48,86904.187
1013,000826.SZ,20190130,9.45,9.61,9.37,9.4,9.52,-0.12,-1.2605,49419.24,46878.957
1014,000826.SZ,20190129,9.47,9.56,9.23,9.52,9.46,0.06,0.6342,92938.18,87518.117
1015,000826.SZ,20190128,10.13,10.2,9.4,9.46,10.1,-0.64,-6.3366,214375.24,208697.565
1016,000826.SZ,20190125,10.22,10.28,10.07,10.1,10.21,-0.11,-1.0774,82865.88,84339.958
1017,000826.SZ,20190124,10.13,10.25,10.07,10.21,10.13,0.08,0.7897,78540.42,79791.994
1018,000826.SZ,20190123,10.55,10.58,10.04,10.13,10.55,-0.42,-3.981,160205.83,164163.145
1019,000826.SZ,20190122,10.84,10.84,10.49,10.55,10.79,-0.24,-2.2243,98565.69,104793.879
1020,000826.SZ,20190121,10.5,10.82,10.48,10.79,10.45,0.34,3.2536,115479.49,123170.676
1021,000826.SZ,20190118,10.36,10.47,10.27,10.45,10.33,0.12,1.1617,71713.71,74456.297
1022,000826.SZ,20190117,10.55,10.56,10.33,10.33,10.55,-0.22,-2.0853,77573.32,80950.712
1023,000826.SZ,20190116,10.61,10.63,10.45,10.55,10.56,-0.01,-0.0947,84292.37,88904.929
1024,000826.SZ,20190115,10.44,10.58,10.3,10.56,10.42,0.14,1.3436,87545.59,91630.141
1025,000826.SZ,20190114,10.38,10.49,10.38,10.42,10.42,0.0,0.0,51420.51,53657.47
1026,000826.SZ,20190111,10.46,10.53,10.3,10.42,10.48,-0.06,-0.5725,69120.25,71880.27
1027,000826.SZ,20190110,10.57,10.64,10.44,10.48,10.53,-0.05,-0.4748,67659.32,71247.712
1028,000826.SZ,20190109,10.58,10.72,10.51,10.53,10.54,-0.01,-0.0949,95998.75,102083.191
1029,000826.SZ,20190108,10.6,10.67,10.53,10.54,10.62,-0.08,-0.7533,53846.9,56965.417
1030,000826.SZ,20190107,10.61,10.66,10.45,10.62,10.53,0.09,0.8547,83244.52,88120.099
1031,000826.SZ,20190104,10.13,10.54,10.02,10.53,10.25,0.28,2.7317,94046.6,97072.281
1032,000826.SZ,20190103,10.33,10.49,10.23,10.25,10.31,-0.06,-0.582,46694.6,48253.922
1033,000826.SZ,20190102,10.48,10.5,10.24,10.31,10.39,-0.08,-0.77,57014.32,59136.445
